6046,"['25479', '20600', '30773', '26131', '13551', '8032', '7938', '565', '12511', '3307', '29752', '19448', '31499', '32903', '25442', '31883', '3798', '39811', '15641', '559', '1350', '33030', '14314', '4095', '4723', '9404', '40178', '13849', '30846', '42411', '1798', '7877', '33991', '29934', '37029', '36511', '41396', '37951', '17651', '9999', '9864', '26970', '37674', '24408', '5979', '10415', '29902', '21408', '24671', '5983', '31536', '41337', '6602', '13406', '18339', '8368', '18047', '18250', '445', '24411', '5976', '26343', '24407', '14009', '33394', '24685', '35651', '25313', '26246', '30238', '24996', '32907', '35923', '16605', '29957', '40474', '2103', '34600', '34102', '13322', '27692', '2684', '19959', '34637', '2611', '21589', '29592', '14487', '4751', '27467', '2563', '43751', '12932', '27406', '15062', '6371', '27754', '10831', '40385', '42615']"
6820,"['39266', '40191', '27043', '13930', '31050', '12225', '27254', '10035', '3150', '36131', '42525', '3255', '2453', '20066', '708', '5416', '28483', '21933', '34770', '19757', '7889', '40094', '19628', '8068', '12530', '22997', '2131', '33724', '16714', '7990', '3879', '32375', '36224', '10859', '4689', '4365', '7772', '25605', '3658', '37205', '14070', '20892', '5236', '22513', '5261', '16148', '344', '485', '35690', '20328', '19950', '39959', '40179', '37947', '5257', '35521', '31870', '35833', '41032', '26764', '19725', '4404', '43516', '37817', '39059', '17235', '16218', '5081', '38254', '31425', '389', '13201', '37461', '12406', '4868', '28956', '36806', '8905', '17834', '19650', '32081', '43603', '2889', '23393', '9284', '40449', '6014', '21048', '33825', '19559', '23262', '21121', '41058', '30818', '41408', '36978', '18980', '10958', '34894', '20984']"
706,"['9269', '4322', '23112', '29548', '32938', '37809', '18649', '3900', '17115', '22430', '37937', '15779', '21548', '15806', '27367', '1336', '18500', '9593', '30302', '39820', '8697', '29363', '22352', '401', '23056', '41369', '2090', '16128', '18675', '29981', '37862', '10212', '9023', '28955', '38021', '2073', '31579', '39688', '28467', '9982', '30997', '30094', '9740', '31446', '23752', '26116', '743', '20113', '18642', '27571', '41027', '7354', '32159', '15139', '6415', '26363', '21737', '2856', '25172', '39385', '29686', '24519', '32603', '26139', '37381', '41679', '2358', '13427', '15711', '40835', '20340', '25154', '4033', '40795', '41184', '37153', '24905', '12905', '39993', '1552', '15917', '30927', '41370', '25965', '39842', '9636', '1656', '24733', '527', '39341', '39992', '18996', '26714', '33193', '16459', '13964', '19485', '38771', '35728', '9092']"
6816,"['26347', '39620', '23606', '35044', '5968', '10453', '7580', '898', '29657', '13838', '28284', '15283', '21676', '43772', '37936', '5380', '40759', '33095', '6631', '13049', '33739', '11035', '14688', '27691', '4636', '18756', '34327', '17555', '37049', '13516', '1868', '32318', '29692', '20722', '8258', '18527', '30958', '34075', '22908', '16942', '40251', '20850', '27550', '37287', '15030', '34700', '20646', '41569', '18443', '30241', '24652', '28558', '33338', '23115', '5308', '13311', '34961', '13794', '42219', '6268', '8427', '24667', '23497', '10524', '31941', '428', '8295', '33710', '4035', '9345', '2122', '2476', '32880', '33013', '6530', '27210', '8099', '20371', '21649', '11763', '38265', '17137', '36543', '20182', '41868', '36191', '14701', '20659', '10955', '15487', '7015', '42398', '12302', '6404', '12135', '37294', '35303', '442', '25944', '593']"
330,"['15020', '11999', '37487', '41485', '13814', '6606', '39790', '43532', '25199', '18235', '35788', '1746', '1418', '15627', '5764', '20247', '6308', '11832', '13730', '40352', '155', '22493', '27150', '40344', '22676', '17298', '30780', '2462', '32787', '26947', '27341', '16627', '24756', '30216', '4935', '40840', '485', '14572', '22753', '866', '2117', '36788', '24127', '31562', '20148', '5980', '43020', '18072', '39406', '10946', '12078', '26334', '5452', '14316', '1978', '30720', '16096', '20274', '37335', '32802', '36882', '37544', '23268', '12427', '40340', '32478', '42146', '2932', '20404', '28608', '10437', '1892', '3856', '25718', '5310', '25108', '1555', '39243', '12282', '34616', '10534', '9945', '23014', '12460', '6278', '20589', '5784', '2153', '36959', '18132', '32167', '6428', '29711', '6111', '33561', '13138', '11693', '3775', '12748', '10260']"
1405,"['8614', '8340', '36054', '10920', '25443', '1317', '28314', '39250', '43549', '11392', '31266', '13679', '31708', '19018', '34818', '20158', '25024', '18150', '20882', '41447', '25881', '10228', '22565', '11546', '43373', '9189', '40271', '16411', '17959', '28261', '2459', '8453', '33251', '19442', '31714', '1015', '6695', '17606', '974', '13829', '25736', '558', '38082', '26823', '21489', '22818', '35762', '33659', '36119', '28691', '14341', '9060', '10115', '15439', '33399', '7121', '35328', '32697', '30079', '13559', '37728', '38433', '42039', '31517', '16799', '29648', '30326', '10905', '40819', '15402', '42497', '43382', '17818', '8587', '36083', '25230', '11104', '26723', '7238', '11169', '6350', '6829', '12704', '1969', '15214', '27689', '25460', '36309', '36889', '15412', '40409', '2406', '31337', '41941', '23054', '40491', '40669', '15263', '20711', '25817']"
4719,"['41446', '18096', '12177', '11167', '25551', '15276', '10384', '32037', '28504', '19022', '18222', '4913', '3444', '7016', '41980', '35946', '31991', '36242', '2189', '14115', '35824', '10402', '37423', '9577', '40908', '14969', '2696', '34937', '5796', '22569', '37291', '37679', '555', '38762', '13832', '11232', '21186', '11619', '25079', '30152', '30914', '18838', '36321', '3985', '9235', '5996', '38111', '6550', '5393', '7087', '38039', '1755', '6194', '20192', '6858', '6264', '31003', '33747', '18495', '39263', '42404', '10548', '42740', '32442', '14531', '35309', '35962', '8762', '91', '35919', '40233', '43235', '24315', '40280', '41868', '39622', '40234', '35420', '19774', '727', '5301', '40127', '29639', '39551', '42361', '8772', '11693', '3647', '22777', '11447', '33238', '9397', '42156', '2826', '32203', '41869', '4659', '8154', '27492', '42750']"
3952,"['7332', '19238', '656', '29972', '36920', '34120', '10351', '40109', '498', '41236', '36960', '22889', '38883', '40503', '14831', '36556', '31694', '23607', '6308', '1971', '3720', '35244', '1080', '11439', '38980', '30722', '38447', '2136', '17666', '15821', '2120', '22154', '19316', '41591', '8957', '23210', '41590', '29037', '1234', '18746', '30797', '23292', '7335', '35720', '6441', '37463', '17190', '18971', '519', '40088', '2143', '11339', '5405', '21388', '20130', '8333', '28279', '41248', '1000', '13017', '39055', '22455', '5777', '2335', '14766', '9502', '3676', '41454', '21203', '35539', '23117', '28833', '8200', '10860', '1332', '14566', '23479', '14878', '43370', '26386', '26914', '7218', '18978', '35181', '34840', '36277', '4013', '40865', '33632', '24909', '12211', '3542', '16005', '41035', '41170', '36939', '23687', '35694', '12621', '34586']"
5239,"['21882', '29708', '33539', '10259', '35530', '15738', '23922', '33534', '10829', '26331', '18737', '17285', '33670', '25423', '11717', '8619', '8681', '28773', '4319', '14173', '3171', '25383', '9842', '37445', '7142', '10052', '3711', '16780', '25263', '4538', '27966', '29997', '12002', '35644', '7949', '7725', '26750', '30581', '8852', '17037', '492', '9429', '8957', '40801', '38299', '33482', '4061', '20810', '38020', '25059', '31364', '43688', '29538', '30373', '31470', '14817', '41271', '29282', '27623', '12057', '26637', '42937', '39829', '31218', '32822', '2529', '29405', '10898', '5809', '36990', '24807', '15024', '27856', '14663', '2031', '26944', '30740', '35718', '11139', '43370', '3211', '33863', '36304', '8323', '1840', '23464', '14445', '9230', '18759', '37762', '40833', '29013', '38854', '3755', '34050', '36981', '11871', '5199', '15849', '30195']"
3765,"['19111', '41329', '31050', '23755', '22797', '3150', '9249', '20066', '26632', '12087', '33627', '30733', '27490', '42206', '9157', '35194', '22997', '6522', '5997', '32027', '9003', '35185', '24669', '32011', '38365', '12370', '66', '25794', '217', '16148', '19252', '33178', '30187', '37005', '17260', '14509', '31493', '11822', '11013', '16312', '27319', '1554', '42608', '24919', '23360', '13410', '4296', '36420', '20331', '24610', '7072', '26050', '25129', '2319', '7767', '11965', '11924', '16218', '42804', '29449', '25368', '18154', '39259', '17188', '15320', '25000', '40507', '30737', '2590', '15316', '521', '5042', '25763', '6510', '19925', '19533', '6156', '34138', '36806', '63', '20593', '12159', '35894', '26650', '1933', '23393', '13725', '3611', '34972', '2411', '3779', '15347', '15111', '4090', '24791', '40813', '22813', '9568', '24355', '43287']"
4852,"['38162', '23954', '28359', '39509', '2235', '12301', '5010', '13087', '25265', '43509', '43026', '4682', '29400', '33373', '6607', '31505', '39836', '13024', '1265', '39508', '1834', '12988', '36079', '13008', '8642', '36254', '9638', '4386', '36009', '40744', '18710', '40139', '23483', '43040', '71', '12720', '29535', '35541', '978', '217', '32293', '20543', '17630', '30294', '34541', '41318', '37033', '14529', '7440', '24923', '1112', '35488', '31998', '3338', '22249', '1201', '7290', '34775', '7926', '9938', '19744', '40140', '32438', '11925', '35611', '3732', '42652', '16633', '24607', '13562', '1191', '38995', '36088', '25718', '42598', '20074', '13217', '13169', '14218', '3830', '16272', '10575', '23254', '11077', '12437', '4584', '4183', '5454', '96', '13817', '40537', '14242', '7891', '2282', '17272', '3958', '18105', '41078', '3061', '2959']"
6706,"['18307', '41780', '40353', '10371', '22099', '5102', '27171', '41037', '33430', '18062', '5569', '21769', '30482', '16764', '30210', '27243', '1567', '36829', '12530', '13726', '7115', '17810', '29942', '28294', '8798', '13078', '10438', '41175', '11823', '33944', '25941', '18679', '16260', '29470', '4758', '21152', '3618', '21554', '6772', '36004', '30282', '27394', '42902', '5830', '5685', '27875', '36634', '10028', '13891', '21098', '33334', '5241', '35022', '21326', '21776', '21633', '11285', '38756', '14249', '17873', '29872', '13220', '36969', '32707', '32585', '38864', '15208', '16081', '2314', '22462', '41121', '35722', '41254', '27485', '18145', '9247', '41995', '19105', '23014', '20842', '11574', '21204', '42209', '2942', '34572', '9660', '10807', '15428', '1210', '18037', '20863', '13587', '41432', '7346', '22583', '34379', '42290', '854', '25179', '41994']"
4863,"['512', '1634', '20196', '25249', '40471', '21270', '32688', '35788', '14942', '34361', '42772', '7348', '1320', '13049', '29334', '16027', '21929', '31246', '16461', '2643', '33266', '12491', '18659', '38040', '963', '16846', '22119', '38406', '38113', '10859', '25445', '29470', '18815', '37592', '34869', '9192', '25628', '17630', '28935', '5349', '37394', '41174', '7084', '16304', '15969', '18475', '7984', '30999', '42599', '8763', '17644', '31865', '26359', '11745', '16038', '33993', '3909', '22301', '22679', '21690', '5371', '2139', '33377', '7803', '6357', '26266', '16783', '26159', '11011', '38405', '40150', '1837', '28875', '36168', '42842', '32582', '31273', '30032', '7486', '30209', '27077', '13857', '41632', '32920', '5244', '39843', '8973', '12894', '2129', '6238', '16269', '18304', '19515', '31252', '37369', '1318', '38835', '11888', '35047', '5418']"
-743,"['18612', '5088', '2126', '40996', '4271', '8045', '25382', '3023', '17292', '15978', '6094', '38314', '17142', '29293', '22430', '14596', '1696', '24073', '39640', '20135', '24208', '34789', '43513', '32450', '32542', '9439', '8697', '32153', '23312', '41685', '36192', '43575', '30866', '1872', '19117', '17109', '9412', '30542', '28467', '11399', '256', '23945', '38036', '18642', '30410', '2455', '11678', '9171', '37971', '466', '38687', '32731', '30798', '29976', '13426', '43404', '42278', '7623', '16464', '27945', '29737', '8410', '18695', '24742', '34168', '39900', '17956', '36421', '8172', '18764', '1017', '35667', '30839', '20585', '18743', '38875', '41106', '19021', '34319', '40058', '28678', '29383', '22219', '40599', '6097', '42418', '27467', '16228', '37125', '9071', '8119', '37914', '2172', '11534', '5822', '26112', '14825', '5635', '23306', '30253']"
1972,"['17725', '10408', '41391', '28363', '25863', '23519', '39378', '4046', '12340', '36672', '35634', '40870', '19327', '28661', '23980', '1398', '23447', '5836', '28996', '277', '426', '25799', '6155', '38406', '42542', '32882', '43345', '17830', '938', '596', '7498', '8540', '1448', '14708', '26946', '26784', '7030', '41247', '37357', '3419', '42555', '31581', '42781', '37697', '41912', '19268', '23162', '30133', '19527', '42826', '6683', '24222', '9720', '16083', '17738', '22476', '4391', '4982', '42673', '31873', '28243', '42868', '18143', '34714', '27790', '19007', '30557', '24406', '36968', '10159', '15571', '23414', '1666', '41707', '16613', '23988', '38405', '32238', '22392', '9752', '33891', '17224', '13549', '14776', '31654', '40408', '2597', '20225', '22649', '5479', '1656', '11200', '34725', '31618', '25175', '11056', '25641', '22604', '14825', '7976']"
6909,"['7627', '19516', '12024', '24854', '1819', '39525', '30987', '21416', '24751', '23610', '1069', '10500', '30773', '36648', '30374', '12439', '13697', '15446', '25009', '37521', '11917', '18059', '3645', '14578', '899', '30226', '35907', '41703', '25784', '33650', '6666', '18804', '745', '34697', '9680', '38134', '172', '18194', '25890', '35296', '8669', '27438', '20742', '24428', '31981', '35868', '17276', '12074', '32118', '30471', '6396', '37834', '36136', '1652', '42761', '7681', '12372', '29825', '12718', '32204', '19945', '34411', '16063', '13373', '40711', '41443', '297', '8650', '35313', '350', '13000', '42760', '15603', '37893', '3762', '1876', '16209', '6464', '3754', '25334', '7490', '3040', '19373', '33262', '25836', '32977', '38029', '2094', '34908', '42459', '11241', '25030', '25876', '8898', '11693', '28248', '35342', '10077', '37538', '3132']"
221,"['912', '41539', '14534', '705', '29925', '7719', '41364', '14328', '29051', '24419', '13896', '18223', '2151', '24032', '39354', '19576', '13803', '28250', '21163', '7295', '4456', '30601', '37982', '32780', '31883', '16836', '15308', '39846', '37225', '13280', '31164', '27589', '26009', '6010', '17650', '29519', '18301', '9238', '11527', '16132', '39221', '10320', '43328', '35812', '24869', '3570', '20996', '23178', '12432', '35829', '3182', '37770', '15590', '21760', '5956', '15287', '43598', '7394', '3441', '6730', '10123', '23340', '43042', '31644', '23638', '43700', '40751', '13734', '33551', '37093', '33', '20737', '29412', '12579', '2768', '13190', '32726', '7194', '30340', '8745', '678', '33425', '4253', '20531', '12505', '22598', '14445', '40865', '29510', '17784', '16880', '13179', '10352', '3539', '42863', '11871', '11164', '30479', '35417', '28399']"
4891,"['35750', '36347', '40241', '36097', '33780', '19691', '42913', '30682', '20587', '206', '40810', '77', '39143', '38787', '8858', '14754', '33923', '5728', '18058', '23021', '35264', '6778', '43270', '29292', '29504', '24048', '8422', '24091', '19311', '483', '35131', '37073', '8366', '41122', '24844', '43152', '26639', '8281', '35669', '28626', '28299', '19086', '2273', '21329', '4919', '33791', '13612', '9433', '28082', '2091', '7786', '39700', '3990', '1217', '19210', '37315', '34186', '42653', '30491', '37905', '412', '30813', '24104', '21605', '26179', '16189', '10134', '14527', '19303', '31106', '4147', '13041', '36118', '43366', '8', '5634', '39435', '4674', '41852', '8883', '15055', '16116', '42527', '22824', '34765', '4697', '38091', '37626', '1342', '40167', '8573', '4069', '20567', '20875', '23668', '32079', '7560', '11373', '26554', '34210']"
6700,"['40353', '343', '27184', '22471', '8570', '29769', '30860', '18761', '32365', '10717', '30964', '20175', '32149', '499', '36761', '5787', '34377', '40016', '25985', '32743', '10848', '35839', '7671', '25865', '666', '18435', '21918', '25384', '10422', '17888', '31105', '43001', '16109', '23569', '21554', '39467', '36004', '31515', '12275', '11971', '30390', '2121', '11910', '10593', '6292', '12081', '5607', '26065', '5095', '9534', '14814', '32160', '8562', '24893', '9579', '19441', '5960', '18207', '23117', '31612', '1534', '20404', '15361', '40815', '23320', '8430', '41459', '28413', '20977', '38281', '24164', '20897', '33995', '18145', '9247', '41995', '6649', '41852', '16120', '10365', '40594', '8929', '22058', '16511', '13197', '27132', '22035', '10807', '38706', '5838', '26077', '30398', '3368', '4317', '39750', '12142', '3671', '32405', '27345', '8396']"
2132,"['20006', '32596', '23807', '41186', '34985', '39437', '27429', '969', '32543', '3473', '35834', '24360', '29417', '27649', '24931', '24527', '26388', '24588', '32519', '27536', '6113', '3940', '40780', '25911', '13198', '33607', '18469', '7299', '2074', '16190', '18927', '28739', '28001', '7601', '5759', '34444', '36183', '19013', '5558', '10588', '38959', '40440', '28372', '19028', '8783', '43368', '36141', '20168', '37697', '27697', '5888', '42758', '13307', '3878', '33676', '16385', '24759', '29595', '8935', '4111', '28097', '234', '23819', '23643', '21384', '27092', '39960', '28808', '34387', '14770', '4263', '28189', '28864', '41341', '19991', '31864', '35124', '28741', '40445', '28377', '33757', '27939', '9752', '13932', '16659', '21859', '41599', '658', '27427', '8933', '18935', '12883', '11128', '3779', '11646', '4008', '15166', '32311', '42746', '17474']"
3817,"['37628', '12024', '30440', '35584', '1634', '35947', '41651', '38085', '21836', '1045', '4247', '33125', '21421', '30772', '30267', '32020', '35927', '19741', '19254', '28067', '7671', '2832', '39288', '15657', '9189', '12448', '37602', '37603', '35281', '7724', '1804', '6683', '3229', '25258', '30518', '9665', '24408', '3680', '41676', '3046', '17238', '6706', '14382', '17404', '31936', '41337', '26416', '23614', '25369', '26343', '32496', '14009', '25493', '17809', '9295', '23697', '26616', '24241', '9149', '30275', '17690', '21188', '14442', '29890', '37318', '43409', '12328', '16107', '28405', '27893', '26113', '27811', '20291', '7019', '30032', '530', '5252', '22824', '28984', '13504', '16985', '27558', '13728', '6486', '23371', '27332', '10295', '39547', '25821', '20009', '8226', '14487', '22665', '9071', '20290', '29224', '25987', '5033', '6371', '13972']"
2331,"['23446', '39460', '23539', '1985', '34663', '27075', '21637', '28504', '33132', '13615', '14169', '15451', '7240', '5441', '22919', '35823', '33959', '20969', '25157', '19891', '14061', '11977', '33410', '42857', '33294', '9383', '13500', '15552', '40119', '43365', '23856', '29935', '18287', '42755', '43328', '9096', '18814', '31554', '19301', '32381', '41928', '42902', '2025', '30369', '6729', '16611', '30723', '3045', '17605', '32859', '43330', '4853', '15205', '31166', '371', '21824', '43279', '30491', '23511', '33268', '13688', '22993', '30804', '39326', '9807', '36929', '32442', '31385', '3499', '15880', '9221', '1955', '15394', '4619', '4475', '14520', '34339', '17818', '2935', '27738', '5618', '39497', '28506', '14486', '16478', '10943', '23275', '35460', '6869', '43767', '6668', '16547', '31663', '11693', '42249', '14059', '30212', '39530', '34093', '43141']"
-3859,"['36717', '14719', '7349', '13160', '20600', '41256', '39564', '25176', '37075', '30925', '24024', '2150', '37776', '8526', '12087', '19223', '4051', '41257', '15324', '7098', '15934', '10848', '27279', '26988', '39104', '13384', '8223', '36727', '31650', '43353', '9900', '22494', '34628', '12809', '32553', '3571', '703', '21446', '40006', '22895', '16099', '37910', '7342', '33973', '11455', '11906', '25258', '25171', '21759', '8977', '38702', '24799', '35723', '38453', '15415', '30665', '35133', '12997', '25888', '25847', '31107', '40951', '7619', '8738', '39809', '23507', '20147', '31890', '37338', '29664', '23906', '24555', '41029', '23603', '25104', '24492', '4188', '16625', '27986', '24959', '40771', '31910', '4789', '19914', '17009', '18', '5474', '15239', '4992', '34163', '30272', '21823', '29951', '41259', '33023', '1912', '17337', '30793', '41594', '2518']"
3228,"['23145', '6098', '13623', '32484', '27686', '26687', '482', '4748', '35506', '26412', '25064', '34337', '41562', '18849', '20070', '30637', '16969', '9233', '31552', '42894', '13049', '22082', '34044', '4328', '29329', '14800', '34018', '6682', '14752', '22210', '1327', '9613', '42997', '17020', '4061', '22657', '692', '37269', '39735', '43240', '15836', '25429', '38562', '24111', '9281', '30934', '38283', '36531', '30689', '24759', '17890', '15511', '5917', '4594', '2339', '13888', '12325', '428', '9191', '35447', '36457', '25240', '32643', '14663', '13299', '32252', '40213', '13558', '30347', '18066', '35489', '26724', '1685', '23757', '21678', '3631', '18958', '22465', '8964', '42272', '12929', '30788', '40170', '2352', '16711', '40464', '27563', '14983', '23577', '120', '29896', '36519', '15054', '291', '3919', '35987', '1070', '5336', '26016', '18406']"
861,"['40200', '8478', '21986', '22216', '16821', '37043', '22650', '31050', '16529', '3150', '12878', '18258', '4154', '23523', '17894', '21335', '14153', '6095', '10413', '26521', '36805', '16334', '31143', '29508', '41390', '34910', '38358', '9961', '27423', '8632', '3750', '7508', '32011', '11730', '25794', '37269', '15420', '32246', '283', '14909', '30060', '6904', '28692', '18526', '35521', '13444', '8218', '2245', '38493', '1387', '4756', '39038', '33032', '3800', '15751', '20809', '25922', '16274', '428', '3709', '23442', '31185', '20002', '32880', '12099', '33394', '32643', '16131', '16218', '9344', '41750', '35153', '30644', '24611', '5644', '10440', '5853', '10871', '18780', '17530', '10133', '19105', '23864', '30073', '15215', '38880', '662', '10942', '31931', '28593', '37631', '35636', '30947', '19515', '14761', '4874', '22690', '9753', '20984', '42496']"
259,"['35584', '19557', '35382', '22447', '9068', '9316', '25910', '19078', '41276', '3916', '21027', '28197', '29495', '31158', '34160', '2629', '26937', '38319', '24370', '26249', '43365', '8080', '40181', '11423', '10475', '43555', '16260', '18784', '31781', '41600', '41744', '23617', '15158', '24310', '35043', '10819', '28923', '11290', '29191', '27770', '2204', '13147', '39350', '26363', '14750', '7183', '37972', '22571', '29151', '15356', '14402', '11657', '721', '38613', '24647', '18817', '9216', '42983', '22984', '43310', '21306', '29665', '40253', '21982', '30805', '30042', '16062', '21487', '37816', '6926', '6160', '37617', '16633', '6766', '42756', '39900', '26933', '6654', '28501', '40233', '11729', '41137', '39097', '40445', '14189', '24883', '18041', '15487', '9226', '12616', '26173', '35509', '40203', '3775', '21897', '28966', '20394', '1230', '15019', '3562']"
2143,"['6466', '28066', '26516', '2059', '43379', '35137', '14955', '15344', '11079', '31637', '9875', '24566', '18408', '10254', '1228', '24048', '41918', '929', '4421', '38548', '32407', '17661', '6426', '25497', '43587', '17620', '43076', '14314', '21220', '17312', '21257', '11462', '35890', '21282', '41929', '17076', '39827', '29535', '28959', '40441', '22905', '8111', '1388', '32293', '21305', '9110', '8214', '41416', '28470', '23162', '18320', '37971', '16685', '6683', '11642', '27265', '13147', '39328', '7592', '30537', '6585', '31465', '2374', '42645', '18505', '2572', '31717', '38976', '13626', '311', '42644', '34754', '19929', '26102', '40157', '35020', '43649', '42234', '7100', '15068', '6029', '4487', '40399', '6156', '32392', '10349', '11759', '5248', '15901', '34030', '37077', '6700', '26125', '376', '7891', '39880', '22777', '30930', '12420', '34093']"
2186,"['8497', '34004', '791', '21436', '36920', '9623', '2014', '4704', '21231', '16816', '34988', '18598', '20699', '39565', '37886', '23980', '36405', '6471', '19055', '11205', '13691', '312', '11008', '36156', '18792', '16108', '10199', '43778', '42539', '36697', '30742', '2320', '40552', '21108', '1003', '39739', '41462', '19135', '16151', '27899', '11513', '42366', '19733', '330', '14681', '30624', '35021', '982', '20757', '9851', '22316', '42917', '34692', '41291', '33842', '36482', '8169', '1719', '42111', '11573', '8693', '21110', '34611', '37986', '33232', '36437', '19362', '32788', '28940', '16500', '11011', '23757', '33429', '41595', '27169', '42317', '32849', '8909', '2201', '7146', '15346', '15307', '11128', '37918', '29843', '4946', '22464', '23330', '38229', '97', '20137', '33687', '2534', '14331', '27514', '35694', '21638', '40002', '27742', '1508']"
4847,"['36347', '37956', '23915', '22390', '5909', '9496', '34839', '32037', '3941', '15515', '32723', '2540', '20749', '32148', '25399', '35376', '925', '31948', '32688', '19034', '42932', '7780', '38246', '3921', '41596', '33596', '27428', '20841', '10274', '30108', '6616', '32066', '10300', '8331', '35234', '27012', '23790', '6564', '43484', '31996', '33315', '9193', '30981', '10376', '26497', '7323', '17958', '36086', '25242', '2422', '8760', '25960', '1255', '4057', '7552', '5669', '15842', '41927', '41337', '33497', '351', '27587', '17648', '9943', '24112', '1574', '22602', '311', '2949', '34168', '43219', '19909', '7116', '11569', '5783', '29994', '8682', '15262', '12548', '30028', '16161', '37554', '41444', '12476', '20435', '5383', '28678', '39946', '24660', '20818', '12683', '39750', '43264', '37349', '28618', '9840', '11963', '24338', '26295', '2774']"
3805,"['16749', '24415', '19078', '18736', '15503', '26388', '15057', '10080', '29752', '28552', '13045', '26976', '31499', '39400', '9356', '6277', '34880', '34479', '34896', '32295', '10472', '29158', '43207', '728', '26208', '13783', '38980', '2897', '1079', '43627', '18419', '10204', '34649', '19510', '35717', '10232', '33315', '16722', '37205', '14359', '3474', '39867', '26881', '34107', '11930', '24003', '17578', '23973', '33135', '16902', '16955', '13281', '9059', '18548', '14750', '38015', '21408', '520', '19334', '9332', '43598', '32526', '39413', '2315', '39686', '41337', '30761', '13308', '23340', '22592', '23442', '5825', '9329', '9000', '38063', '40614', '23697', '23879', '11725', '29561', '29957', '1847', '11007', '20961', '1447', '21443', '28789', '11562', '16970', '4459', '30032', '16747', '1640', '19763', '34436', '25765', '19427', '25753', '9293', '602']"
2174,"['3408', '40980', '12927', '31482', '15132', '43601', '35746', '23942', '37096', '42895', '35443', '19097', '17416', '8073', '5179', '21621', '35398', '32148', '28051', '38006', '12402', '42420', '32722', '34988', '29504', '21821', '40962', '2263', '21856', '7523', '35287', '30640', '16420', '17724', '32305', '3409', '6172', '11747', '15712', '36377', '39893', '14314', '7247', '7601', '14640', '30692', '14031', '23211', '37747', '21104', '29467', '5575', '41011', '36878', '11785', '17186', '28104', '42918', '11479', '29810', '15181', '2790', '31408', '5106', '34348', '28193', '1217', '31465', '10498', '8978', '21757', '39019', '4608', '20310', '13535', '18861', '14710', '3745', '25734', '29469', '30424', '38002', '18368', '36304', '5435', '1533', '17880', '27866', '31265', '7445', '6740', '12569', '2304', '6078', '3190', '2534', '35587', '43442', '31546', '36329']"
20,"['26982', '20006', '36701', '15870', '28949', '21816', '19039', '39134', '36936', '15581', '24376', '14369', '41519', '13992', '30031', '11042', '30725', '31163', '17944', '22077', '5230', '25012', '19393', '38703', '28596', '13296', '19766', '14894', '8798', '19926', '18182', '14288', '18356', '15437', '32590', '25668', '17349', '24351', '8039', '7724', '35346', '30105', '21108', '38850', '17493', '34432', '4981', '36399', '6683', '41660', '10004', '24408', '29113', '3990', '5917', '17994', '6881', '14947', '41337', '11266', '21982', '37292', '540', '8345', '40182', '32950', '16310', '41336', '7696', '19509', '40726', '17307', '41658', '3180', '28405', '20403', '30032', '29028', '12417', '6281', '39878', '6055', '2597', '2128', '11939', '5478', '25163', '13378', '38602', '9270', '11451', '27922', '5025', '26578', '22311', '24787', '6371', '13821', '27742', '21854']"
18,"['9793', '43482', '23738', '40797', '43768', '10824', '41578', '35005', '29358', '17800', '42289', '40534', '37665', '676', '11350', '318', '34032', '4302', '6295', '7714', '32667', '9767', '5314', '25854', '27078', '39549', '40313', '23724', '14683', '38095', '28200', '41067', '13185', '43492', '40314', '33786', '8151', '10463', '9079', '13219', '9192', '21000', '7773', '22084', '41904', '40246', '22196', '11414', '9864', '30975', '38850', '31958', '22821', '20171', '39583', '22727', '18159', '37564', '39782', '33360', '24299', '15751', '17432', '38849', '7971', '12718', '43081', '16022', '40245', '23511', '29327', '18302', '38464', '24980', '1261', '43385', '35684', '23479', '29957', '19661', '43433', '32049', '25237', '18684', '18283', '20706', '27094', '1030', '8704', '14408', '23956', '40594', '36277', '20423', '22648', '38045', '43478', '13821', '40043', '7960']"
27,"['35642', '4436', '29525', '6108', '2468', '11794', '34931', '5143', '31733', '41870', '28114', '925', '19833', '32237', '34199', '20334', '31876', '19327', '13423', '36281', '7077', '30181', '16066', '40344', '24798', '30630', '10707', '6155', '25058', '38406', '2198', '30702', '15230', '30484', '43651', '28935', '33768', '6800', '9976', '22548', '37926', '29369', '9830', '23423', '38296', '3380', '1217', '10338', '35451', '28849', '1667', '18801', '43202', '39262', '30043', '39263', '278', '42916', '385', '34152', '13132', '7435', '14511', '17106', '16994', '7680', '26499', '38297', '35763', '21235', '14213', '10895', '38405', '7824', '18811', '18104', '26241', '27450', '37368', '29839', '14039', '14255', '42435', '40166', '33848', '39116', '19959', '30009', '39290', '16880', '27426', '22389', '5025', '40887', '31643', '26186', '9339', '33652', '10870', '41605']"
9,"['292', '9654', '3432', '9300', '13619', '22975', '21709', '19920', '35320', '1382', '21227', '30089', '9161', '34434', '11280', '2594', '37408', '36576', '5302', '14427', '1731', '28227', '12208', '29000', '22836', '3654', '31559', '12976', '3770', '30169', '15677', '5108', '7027', '26414', '30579', '21368', '20129', '4466', '31779', '35891', '8214', '30851', '11822', '42099', '35872', '18658', '40163', '6590', '3792', '2992', '38111', '14212', '31367', '27358', '26660', '43760', '737', '19882', '14930', '20184', '5825', '20297', '10733', '18705', '444', '42652', '350', '12304', '5994', '29687', '40161', '31798', '28727', '39862', '9197', '19980', '37352', '34987', '34591', '36241', '28875', '39008', '21204', '25302', '7469', '22598', '16751', '30663', '5614', '27626', '18308', '18021', '23326', '15605', '20121', '39357', '34070', '33941', '17136', '40852']"
0,"['4637', '34696', '19202', '5600', '17569', '18331', '11686', '11917', '3350', '1091', '8434', '38207', '12635', '24992', '14923', '37869', '36669', '944', '8068', '37238', '23514', '35131', '2751', '6753', '1901', '15552', '17216', '38105', '41421', '21277', '1960', '18706', '32857', '22380', '20345', '34193', '4935', '24202', '18228', '29349', '5365', '13018', '5575', '22315', '12131', '9921', '962', '38411', '26399', '17780', '20559', '26931', '33566', '39868', '15550', '7140', '30777', '15614', '27929', '31957', '41478', '15225', '36314', '38063', '41479', '38736', '2119', '4188', '15009', '22248', '31022', '38106', '5691', '41863', '34467', '13997', '42473', '12847', '3426', '39927', '9251', '40687', '31300', '26627', '21727', '28013', '23599', '37831', '39117', '34699', '9227', '10702', '34898', '17747', '12841', '16875', '26714', '13899', '13525', '26780']"
11,"['23954', '2171', '13674', '1634', '9341', '31768', '13394', '4046', '3469', '9822', '9199', '10994', '35272', '20861', '16953', '37074', '8674', '2717', '3805', '40098', '41762', '9634', '12707', '30226', '11166', '15021', '17806', '1254', '1757', '109', '28040', '23964', '5000', '17742', '6694', '34844', '2970', '28922', '32882', '25081', '40904', '30755', '715', '41704', '16220', '36946', '33986', '24469', '18746', '33695', '24812', '27571', '29754', '6683', '25148', '17890', '33073', '8935', '11600', '3512', '1558', '29937', '37293', '37857', '32157', '17976', '43147', '16310', '37070', '37498', '6843', '2953', '3867', '6673', '43394', '27190', '16458', '38418', '40097', '910', '30032', '2329', '42423', '9932', '39340', '5803', '23034', '28603', '3781', '9119', '20418', '40034', '13745', '11056', '25270', '9339', '22501', '27216', '8416', '43395']"
7,"['33850', '18468', '24593', '744', '39860', '13697', '27976', '23523', '11014', '10486', '34926', '30119', '42699', '31564', '25989', '37275', '15754', '28616', '23168', '2408', '18500', '41884', '24678', '33781', '26583', '27150', '34262', '7441', '23289', '6180', '11950', '26674', '23163', '11527', '8203', '1833', '18747', '21685', '41641', '2819', '12234', '35151', '1849', '8557', '17775', '25080', '14362', '3337', '10858', '24465', '12150', '19858', '18971', '17941', '26524', '12325', '33585', '15264', '31957', '22506', '42686', '6930', '43307', '29058', '22897', '17235', '14638', '16214', '4501', '23731', '41619', '5296', '23971', '19742', '15063', '34944', '1381', '34460', '9898', '5229', '26723', '33274', '25709', '31822', '39269', '22075', '14844', '37559', '1314', '16245', '7281', '10201', '39183', '6384', '26201', '26352', '9342', '6058', '27304', '21946']"
29,"['12136', '43251', '33446', '11223', '9496', '38549', '3473', '4284', '4545', '12985', '43621', '37171', '30525', '38952', '17495', '31773', '11644', '17728', '40866', '9819', '34642', '19079', '712', '26686', '5942', '42348', '6513', '40343', '17762', '43191', '42606', '21543', '43329', '40417', '352', '18855', '19655', '31313', '40342', '20410', '6683', '10116', '26435', '11010', '37749', '4255', '3768', '36553', '43412', '39608', '18381', '2088', '33507', '39673', '41229', '19284', '19791', '37768', '8241', '39058', '13276', '21868', '36495', '43014', '33253', '3175', '23896', '34191', '34884', '7012', '6438', '11990', '7839', '7069', '3164', '25050', '18811', '32392', '22486', '18', '21592', '10559', '15110', '5638', '6782', '2295', '15741', '36099', '662', '11129', '34772', '18867', '34174', '23392', '41107', '41412', '32096', '32311', '13437', '39137']"
5223,"['20801', '28162', '4119', '30513', '31752', '1161', '33041', '28733', '38230', '23919', '3783', '41372', '14502', '12395', '31765', '12947', '31118', '25675', '35419', '30772', '2605', '1341', '29359', '21552', '24013', '17118', '31250', '38996', '32477', '20630', '37726', '37321', '36475', '23030', '11442', '26253', '16574', '27053', '539', '9757', '27746', '22010', '22354', '37434', '24465', '25464', '5669', '33862', '12104', '15291', '29653', '39147', '40013', '32269', '42741', '28609', '1077', '22711', '15198', '40300', '8082', '38023', '3660', '30804', '25651', '28599', '40301', '34447', '28809', '29957', '5644', '33048', '28940', '23571', '31101', '24929', '35768', '43551', '11165', '43320', '41599', '37165', '26471', '27958', '24362', '38880', '23408', '9698', '6756', '1115', '29316', '24031', '29029', '25289', '28842', '36221', '22995', '42443', '41687', '34302']"
16,"['26202', '9382', '21791', '31050', '10824', '17436', '40060', '19799', '40148', '15903', '12842', '12907', '15451', '10686', '6892', '6742', '28724', '25803', '18890', '6483', '36463', '16485', '11194', '34761', '15483', '26361', '18706', '1921', '19341', '40816', '17534', '39309', '27655', '43328', '5958', '31368', '30216', '5172', '43610', '9405', '30369', '35059', '35262', '40362', '43364', '23820', '16304', '24388', '15181', '32009', '17310', '11211', '41321', '31961', '34775', '29844', '12217', '35543', '43516', '16167', '24542', '31717', '39326', '12164', '15422', '15571', '19913', '30306', '41603', '31852', '40862', '38346', '13295', '31802', '27997', '31005', '41405', '22469', '4232', '40890', '2283', '28290', '6307', '26308', '43249', '28615', '16746', '37220', '6351', '40059', '2040', '12841', '26743', '8355', '6473', '16926', '19578', '38675', '1508', '20603']"
6,"['37690', '21400', '12028', '11741', '10845', '42070', '39713', '33109', '9858', '14554', '2469', '37672', '30733', '22515', '5637', '36844', '6236', '26405', '2609', '39288', '28476', '35865', '17410', '25824', '31888', '25465', '27771', '172', '42779', '24669', '15964', '35828', '39626', '28735', '35557', '28775', '2818', '9307', '24490', '4535', '14175', '32339', '23744', '25891', '25468', '38466', '11875', '32641', '16451', '28850', '6396', '27137', '18422', '3403', '26334', '37358', '36230', '8173', '25467', '27929', '35447', '29937', '28222', '37840', '20956', '43306', '17761', '517', '39737', '13173', '653', '29920', '33300', '19138', '16367', '16652', '8060', '42936', '31632', '35919', '7301', '425', '42832', '16675', '40941', '41079', '9206', '7760', '22920', '38750', '8532', '38655', '43767', '20121', '7741', '43593', '43340', '19201', '8142', '13026']"
28,"['35707', '338', '31302', '26306', '43103', '17031', '12252', '33919', '23763', '28457', '3869', '2453', '437', '14780', '27808', '39953', '13403', '35116', '19757', '22112', '32411', '8506', '41955', '6934', '7292', '84', '8848', '32267', '5098', '39827', '38298', '31446', '40552', '28325', '7319', '39522', '34783', '17958', '33379', '16017', '13346', '36321', '24721', '35472', '33161', '2381', '25670', '6395', '39413', '6205', '13810', '3359', '73', '7422', '37641', '22443', '27006', '6618', '35980', '12758', '15072', '16998', '24715', '24892', '2230', '28632', '26801', '16672', '32874', '8575', '11050', '31409', '3641', '26502', '39989', '26955', '38422', '42792', '4635', '7652', '19373', '10502', '34374', '29454', '11129', '11083', '5838', '1617', '4205', '16117', '12904', '14583', '39988', '24206', '9315', '706', '16789', '32239', '11298', '41310']"
17,"['35183', '29227', '34593', '7830', '23702', '41190', '2612', '363', '37798', '34589', '21134', '17051', '18536', '7470', '32186', '35643', '13726', '34262', '17514', '8809', '18337', '41564', '1043', '34022', '9561', '34901', '42684', '23968', '28762', '9995', '22952', '35829', '20037', '39979', '16739', '37822', '29492', '12668', '23174', '17295', '35167', '20825', '28795', '41136', '21408', '16868', '37636', '22967', '27289', '38243', '43453', '3932', '16537', '6570', '2564', '40086', '5424', '8257', '8001', '39561', '5078', '13295', '14415', '37725', '3196', '6547', '13743', '2007', '43814', '8786', '34084', '37450', '10774', '1533', '32869', '10257', '4496', '15281', '24067', '42931', '28584', '28642', '38245', '32167', '29681', '40560', '17244', '32235', '12115', '36364', '10485', '8752', '31602', '25895', '22346', '28858', '40239', '21045', '15234', '182']"
4794,"['7670', '2872', '23295', '32083', '1634', '42600', '20968', '30196', '28119', '15000', '19074', '34971', '18058', '38905', '9527', '14738', '40036', '34662', '41980', '24603', '23980', '29334', '15830', '16573', '32359', '40375', '6155', '9648', '3398', '25828', '37907', '539', '10462', '34536', '1804', '43763', '6683', '3696', '35521', '22933', '22708', '7440', '19359', '22320', '38296', '42599', '37708', '18088', '21035', '14906', '20673', '33881', '10973', '17367', '39262', '39263', '9684', '32751', '19102', '11251', '6838', '11007', '38297', '12369', '20252', '16337', '43750', '40202', '15686', '9973', '38906', '27759', '7541', '39403', '42726', '31989', '34725', '17053', '37723', '9362', '29506', '10811', '15412', '42926', '30176', '29642', '16121', '34729', '19807', '24857', '23740', '23310', '14825', '9600', '5789', '9196', '37187', '24928', '41193', '10935']"
1,"['4908', '33503', '10263', '14670', '17565', '16231', '6763', '23186', '17292', '1585', '14851', '19824', '42749', '2852', '1287', '6153', '31363', '33165', '3215', '37170', '19472', '38529', '8033', '227', '4544', '10014', '22145', '17163', '14466', '9157', '12199', '18644', '23451', '30154', '24843', '9799', '6138', '43488', '19859', '34448', '10496', '28851', '15786', '22322', '12002', '23786', '3859', '31187', '39333', '11264', '41568', '37481', '19878', '15271', '41154', '10225', '42349', '20830', '33461', '8432', '9223', '29514', '39583', '35918', '13943', '41116', '28188', '37768', '16609', '27380', '5074', '34715', '39936', '23212', '28887', '19231', '38595', '43521', '15341', '6992', '35512', '11667', '8102', '28176', '42012', '36703', '23782', '10191', '30233', '3282', '39843', '18172', '16156', '18518', '25548', '41445', '42906', '14761', '15058', '37980']"
10,"['953', '26306', '25910', '41671', '27809', '24399', '39397', '37059', '8823', '14105', '31660', '23831', '5840', '34566', '24971', '22519', '29586', '35264', '25337', '41076', '28179', '8117', '43114', '35854', '36452', '18445', '35252', '35086', '27042', '8750', '7919', '39796', '39684', '30688', '36160', '2907', '38867', '20387', '32381', '30538', '23007', '13370', '16555', '20959', '15713', '35576', '17811', '24408', '22925', '5754', '19748', '16741', '27600', '21003', '36115', '20055', '32603', '34391', '35241', '11174', '36303', '19342', '24596', '30081', '19138', '35470', '36175', '18565', '31022', '23967', '26335', '28147', '29428', '28635', '43402', '22193', '26979', '42784', '26650', '36129', '28249', '38160', '21859', '834', '6055', '9267', '1343', '6613', '36923', '35548', '9790', '32583', '12532', '34683', '4376', '23042', '481', '14649', '15408', '17120']"
19,"['17949', '35984', '13967', '22955', '34497', '24321', '119', '24458', '6978', '2192', '9822', '31267', '33962', '21119', '19649', '27062', '35634', '39154', '11255', '8475', '33216', '31401', '19192', '3448', '35655', '3262', '5477', '8472', '12491', '13412', '18213', '2225', '27086', '22378', '27879', '13521', '29963', '25604', '37402', '43217', '30105', '40342', '11290', '35059', '9472', '4305', '1804', '9171', '28411', '325', '26198', '3752', '15291', '20921', '42720', '20311', '6419', '38849', '17832', '5521', '23784', '27552', '21982', '28560', '6137', '14419', '11699', '42243', '9094', '36381', '33635', '6068', '43171', '27322', '2276', '4571', '5966', '43009', '34860', '6055', '15940', '38195', '27333', '7014', '14844', '18975', '7239', '10407', '18670', '23577', '29316', '31360', '33536', '21985', '34416', '14736', '25179', '31090', '7560', '29033']"
3746,"['32168', '17119', '8897', '25480', '21284', '32739', '25906', '288', '38894', '17705', '19035', '22959', '10346', '24176', '10868', '34121', '1707', '35570', '25589', '2428', '41670', '1834', '19782', '30953', '23502', '17661', '11961', '27500', '39145', '13238', '23876', '36766', '40590', '38099', '1188', '36052', '35384', '36228', '24756', '17427', '30555', '35720', '2394', '29187', '21630', '4942', '33322', '3511', '43737', '36420', '4760', '10660', '18342', '30278', '16608', '35611', '33402', '29849', '7225', '25368', '25954', '21433', '632', '2744', '36118', '7481', '38844', '12543', '1447', '42166', '43639', '29423', '38009', '13174', '26996', '38951', '20462', '6917', '38269', '526', '10611', '36076', '16090', '10387', '19237', '4383', '3016', '9620', '13381', '38100', '26958', '28507', '38854', '23054', '25315', '40429', '7848', '8103', '14258', '439']"
26,"['545', '31314', '28573', '11864', '1423', '41186', '37583', '43380', '16591', '26961', '9422', '39617', '27473', '16181', '18920', '25287', '41187', '31641', '22169', '19901', '37445', '16190', '43426', '29256', '4754', '23925', '24901', '28099', '42329', '31304', '16889', '20954', '34346', '3072', '3475', '9096', '14421', '12019', '10663', '10634', '37951', '27176', '11253', '15355', '11552', '4486', '9522', '41248', '9918', '39393', '29425', '18913', '43412', '40510', '43500', '38035', '26093', '7789', '20805', '20003', '1133', '4171', '34191', '25016', '25145', '35903', '24353', '40157', '40209', '35562', '29594', '41137', '12406', '13524', '31584', '19017', '20454', '21195', '9284', '29182', '5012', '24227', '37958', '20419', '10780', '39394', '37959', '21423', '43570', '5603', '41536', '4252', '5793', '20013', '7673', '28589', '16926', '20681', '28337', '7167']"
8,"['37628', '19845', '40216', '21504', '12710', '12045', '34423', '31271', '41522', '6105', '30070', '35788', '35337', '9120', '7903', '18062', '13291', '30764', '22145', '25511', '7470', '29898', '43047', '895', '14124', '25679', '2920', '32186', '27150', '25062', '12311', '23270', '16755', '31148', '13886', '27120', '19971', '39372', '9238', '14363', '17133', '28373', '13167', '42979', '13075', '42980', '14088', '14335', '32250', '30447', '33545', '28692', '15178', '17407', '43759', '21408', '41248', '30235', '13851', '32619', '14199', '43347', '37051', '32245', '23638', '5649', '34001', '3159', '42691', '43346', '11725', '15838', '14086', '25763', '38956', '2558', '39659', '14625', '10735', '38249', '27348', '1913', '34876', '6281', '38947', '13416', '19261', '20675', '30224', '10446', '42530', '3763', '26647', '11164', '22741', '39988', '17835', '16727', '9196', '34640']"
21,"['39909', '23145', '16071', '24507', '3465', '2673', '40955', '2235', '33630', '40758', '10668', '32349', '33036', '11297', '12141', '33759', '35634', '29882', '43067', '22165', '21572', '5230', '35638', '31883', '30791', '23810', '14683', '36988', '1868', '43467', '16997', '28685', '21200', '23155', '34385', '14363', '5962', '27287', '22656', '3072', '32791', '18855', '31903', '14335', '35653', '28020', '20826', '16514', '3747', '3383', '19419', '37731', '10679', '24077', '20258', '2381', '37773', '16307', '34558', '39002', '1364', '43783', '20239', '26343', '32707', '2877', '4809', '8650', '41402', '25368', '11322', '14931', '9149', '33398', '32566', '29957', '38350', '13329', '11953', '16629', '29835', '23184', '21802', '28009', '35601', '40306', '18082', '17361', '15686', '6055', '26373', '31659', '43527', '4439', '10981', '22757', '39361', '40612', '21638', '3466']"
2203,"['15759', '35029', '24815', '7631', '19015', '15489', '26453', '31050', '22847', '30600', '17103', '30476', '5293', '13212', '12141', '39704', '1443', '26274', '14939', '42363', '28968', '36425', '31460', '15236', '8678', '9911', '41698', '38410', '9465', '16515', '42718', '25408', '11291', '41929', '36855', '37205', '32904', '32047', '31978', '19946', '5349', '30914', '18992', '3264', '5922', '38020', '5406', '21260', '34577', '29596', '5345', '43173', '33637', '32972', '20976', '428', '35282', '18694', '8807', '4326', '7273', '27769', '31653', '20042', '33394', '3724', '31080', '18969', '16218', '33746', '2158', '22784', '31521', '777', '10006', '5717', '29150', '18699', '16812', '17829', '3753', '29462', '43750', '27470', '7185', '20272', '8476', '31931', '27220', '21423', '9159', '3981', '12953', '29635', '4663', '31878', '8894', '43205', '33756', '9092']"
6409,"['31206', '18215', '24194', '8004', '35052', '32060', '6903', '6016', '38401', '35771', '35419', '42949', '9376', '15580', '17525', '22811', '12859', '33778', '27500', '39908', '4406', '26971', '15895', '10394', '2229', '38778', '22772', '22586', '543', '955', '25097', '17666', '27356', '16775', '21810', '18454', '38734', '1131', '24500', '20056', '21313', '32883', '9901', '124', '28606', '8166', '12428', '36032', '3705', '39757', '24470', '20235', '33301', '43392', '36841', '40843', '3461', '26247', '6209', '27381', '9797', '24514', '42003', '28608', '41183', '40842', '16849', '4937', '5849', '11969', '10143', '18267', '12685', '14881', '1386', '38818', '3099', '39120', '11149', '31269', '28567', '1769', '39706', '23976', '15628', '23258', '29842', '19519', '2191', '15740', '1284', '7757', '32370', '30121', '4478', '6412', '24953', '42510', '7370', '19915']"
2430,"['27501', '20440', '35480', '14963', '28676', '20303', '27741', '7172', '6201', '16641', '8858', '1045', '23098', '30876', '6851', '38801', '14714', '32574', '7807', '7411', '3540', '11449', '13073', '4509', '36887', '856', '38476', '10855', '14416', '16186', '9516', '43241', '1848', '6374', '42981', '33181', '493', '15660', '35829', '19229', '43240', '22303', '30017', '18880', '39631', '3252', '28692', '16580', '14552', '22319', '23322', '26435', '7417', '25472', '37122', '19070', '27030', '16110', '19820', '8348', '23478', '27600', '37753', '32044', '18047', '33550', '2319', '41268', '34684', '18641', '29672', '14566', '3860', '19335', '17645', '20166', '41072', '31809', '1943', '864', '17875', '23782', '28951', '19830', '17029', '38802', '5878', '20771', '37364', '12210', '39951', '771', '40075', '21634', '28531', '33900', '317', '13067', '34139', '43454']"
-1071,"['1659', '36541', '6519', '31953', '22113', '5354', '34248', '19920', '39587', '23133', '16816', '18170', '9858', '41918', '15580', '11594', '37019', '37146', '31092', '26184', '6471', '35710', '38353', '11747', '30020', '6913', '28144', '37120', '23544', '38060', '21187', '11136', '20200', '42742', '692', '30851', '12453', '20060', '17893', '26399', '1097', '30277', '28885', '34776', '32708', '28687', '8348', '31756', '33792', '29370', '34811', '43582', '16873', '30557', '24514', '43583', '31079', '11267', '20886', '29824', '31413', '29473', '41480', '21014', '11178', '27676', '31864', '38716', '35299', '39589', '37542', '38121', '30229', '21336', '3754', '34860', '5454', '38896', '20224', '4004', '3446', '20398', '36372', '2555', '1416', '28511', '7741', '34861', '12791', '23166', '10893', '4993', '31747', '7665', '38209', '41886', '5789', '32393', '39588', '17570']"
6072,"['1065', '8481', '18038', '1634', '8550', '39860', '31912', '39114', '27720', '32125', '22762', '43271', '11002', '31230', '10891', '4641', '16085', '32283', '26517', '32295', '42441', '31883', '21600', '3720', '33909', '38607', '15913', '38152', '9561', '4723', '6026', '37602', '9215', '23590', '33986', '40285', '38173', '39670', '25995', '5830', '8185', '39979', '9833', '19531', '18224', '17779', '26970', '18822', '14952', '19399', '34562', '3986', '39669', '38490', '31961', '9996', '25056', '16448', '18513', '41213', '13826', '23141', '32029', '21741', '19817', '41615', '17921', '24095', '24298', '28385', '38917', '9562', '29701', '28405', '17033', '15448', '23151', '23844', '26715', '43496', '8138', '5024', '17316', '22672', '31770', '8525', '1354', '21875', '9661', '28090', '16183', '33170', '2502', '11328', '9163', '5025', '13773', '14825', '6371', '10061']"
6081,"['1177', '11537', '41954', '31050', '21416', '12321', '13140', '17139', '12245', '15187', '34770', '29477', '43694', '29174', '26844', '29820', '31092', '35593', '4661', '40082', '30103', '5997', '35561', '31037', '32027', '21133', '735', '5780', '38471', '40586', '23895', '25804', '27839', '11399', '8452', '33704', '41342', '3248', '19252', '37005', '37228', '28309', '29596', '32437', '35258', '20774', '3617', '28687', '41209', '3292', '40160', '9109', '34688', '40033', '18026', '32510', '8112', '73', '33340', '42038', '740', '18568', '39262', '30413', '39263', '8538', '4370', '43612', '16218', '34781', '32946', '11969', '17110', '41818', '4501', '11007', '14478', '17834', '3332', '42248', '19975', '27489', '25877', '36426', '12529', '1179', '19148', '34636', '17507', '24733', '26309', '17287', '41189', '36149', '24162', '12565', '10763', '24380', '34912', '4570']"
1430,"['13662', '25245', '37628', '13273', '1423', '10189', '17031', '24706', '43070', '24399', '8566', '25064', '3783', '23962', '21119', '39600', '41870', '2517', '476', '30820', '4591', '933', '6304', '23298', '4401', '3147', '15538', '2263', '36700', '34101', '7800', '17105', '14590', '6694', '33250', '7964', '19301', '2731', '16867', '12832', '43519', '17313', '1054', '21866', '21625', '19070', '43633', '5540', '19334', '2987', '14947', '31961', '31824', '25113', '13975', '34169', '38275', '30491', '4961', '32910', '16075', '23141', '39262', '31347', '36207', '5577', '38034', '39865', '11271', '37656', '38370', '31960', '12979', '26564', '1580', '1979', '24298', '16243', '16869', '24133', '34968', '12821', '6833', '25210', '43818', '11411', '29182', '12769', '2755', '17291', '2596', '37471', '36626', '27963', '35374', '30286', '7798', '21090', '40813', '24617']"
6282,"['17226', '28965', '20704', '23885', '31504', '7826', '5246', '7040', '32719', '9121', '16544', '26799', '35273', '28683', '39302', '2081', '7779', '8025', '43564', '21572', '15168', '29420', '30528', '76', '18279', '40903', '27957', '13541', '6483', '6991', '11911', '41552', '22744', '13520', '13432', '16558', '43796', '9868', '43578', '22968', '23154', '41553', '12146', '36726', '870', '31866', '5754', '1982', '27964', '18323', '24722', '43561', '371', '4920', '24651', '39776', '24040', '5598', '21491', '25981', '8312', '12918', '43043', '11343', '43560', '42664', '13', '12406', '7439', '9705', '4930', '8529', '37954', '19943', '21603', '3631', '40652', '24837', '22326', '37962', '17496', '12314', '7110', '12787', '32720', '33424', '37349', '40983', '18304', '24729', '43194', '27056', '37955', '803', '20479', '7130', '40901', '33652', '12733', '43004']"
1325,"['4119', '30513', '13463', '25005', '29476', '7575', '34819', '11491', '19449', '6954', '24474', '8399', '39590', '34766', '12480', '13403', '34642', '43006', '33754', '29861', '26517', '16230', '26405', '43440', '18347', '42142', '25244', '42149', '23030', '10068', '39978', '21627', '10896', '6552', '15860', '39722', '37415', '36212', '25916', '7861', '18815', '19642', '37253', '24469', '20810', '32354', '12977', '6007', '21958', '25366', '11639', '14047', '3141', '14183', '1041', '34489', '14592', '41531', '32273', '16429', '10154', '42632', '1299', '28776', '34743', '30215', '43691', '35410', '36115', '8201', '7419', '19401', '12373', '30486', '40507', '29957', '5582', '11882', '872', '608', '23887', '15720', '22185', '40081', '35247', '17654', '16383', '11344', '40433', '6486', '36866', '36688', '30822', '24973', '8969', '39674', '29623', '36503', '34302', '29072']"
883,"['10019', '41016', '39724', '2872', '31882', '24442', '13588', '25117', '17292', '42460', '29657', '40689', '28284', '28512', '40626', '15369', '1005', '6390', '12770', '2263', '33492', '6631', '33596', '31114', '29174', '11035', '25993', '38134', '3409', '5027', '5539', '28742', '40565', '14011', '31261', '5450', '16942', '28430', '19443', '23987', '25392', '22457', '13537', '2459', '34097', '21554', '28558', '5488', '29365', '32246', '283', '25223', '13281', '25921', '40821', '5782', '27533', '22121', '11883', '39167', '8295', '13826', '20612', '33946', '6176', '628', '24447', '28171', '37142', '10564', '42306', '171', '8682', '2325', '11149', '22629', '21232', '31072', '11714', '20789', '13006', '22921', '30859', '16357', '20265', '29697', '26831', '32761', '42176', '21675', '16414', '13753', '16930', '1965', '38618', '14370', '27056', '30750', '36016', '32686']"
5187,"['25615', '15077', '26306', '5876', '20180', '50001', '27192', '5661', '39006', '42909', '21565', '42460', '21288', '9033', '12383', '25377', '10468', '23308', '564', '3653', '41975', '41021', '19624', '29504', '35073', '13008', '16893', '24274', '3341', '17607', '33026', '24844', '16523', '31980', '9453', '41397', '5935', '33712', '21943', '29467', '31903', '15363', '27510', '8255', '36478', '28427', '20693', '28057', '17939', '31630', '42735', '17903', '3803', '6590', '36949', '1145', '43035', '19288', '31598', '23819', '43648', '26787', '16235', '24128', '33100', '33005', '43487', '38433', '22069', '20490', '18292', '25149', '19163', '18954', '6624', '14465', '50003', '38361', '2276', '25206', '36191', '6521', '42566', '41777', '24374', '37626', '8477', '14901', '38897', '36325', '1400', '21225', '39584', '26190', '27017', '25529', '14624', '50002', '27241', '9196', '23097', '16336', '33306']"
1978,"['12835', '31085', '24100', '15574', '12989', '23041', '28660', '7017', '18599', '32467', '29293', '1907', '20533', '12510', '3311', '12910', '20699', '5230', '10188', '5836', '17948', '27399', '10402', '25367', '13263', '28076', '33342', '14898', '18291', '32142', '42200', '35043', '13464', '8412', '10474', '1424', '33545', '26897', '11382', '22374', '7641', '4578', '9624', '26423', '4329', '35188', '17850', '21431', '24831', '42921', '9308', '25332', '38853', '30130', '20632', '8098', '10695', '4609', '8368', '25040', '17648', '33946', '1470', '21982', '29262', '24515', '10948', '33117', '16310', '235', '23377', '448', '5310', '22788', '16054', '42473', '23926', '14648', '43286', '29049', '29730', '12972', '9861', '36631', '5481', '21530', '36826', '27109', '36165', '35732', '4593', '20971', '5510', '6500', '13362', '26493', '10688', '14433', '14825', '29208']"
3814,"['31379', '29358', '928', '24771', '34458', '28206', '32467', '13551', '1287', '20499', '21620', '35634', '23719', '6492', '33220', '40309', '5230', '5772', '3809', '42841', '41447', '32885', '27337', '34366', '9449', '3584', '39217', '33790', '29237', '16923', '27287', '34829', '9756', '30578', '32381', '18855', '19907', '30410', '28020', '9425', '42164', '42471', '37033', '38850', '16083', '18619', '38238', '41065', '22727', '40418', '42389', '30848', '41337', '849', '13451', '25451', '38849', '7249', '33481', '22654', '9410', '19545', '32707', '41415', '42687', '8650', '7771', '2621', '10421', '29957', '31409', '9036', '7301', '7465', '23794', '8991', '34163', '6055', '36723', '37077', '20663', '21137', '1568', '819', '14043', '15042', '43788', '14254', '12174', '16072', '31028', '27543', '5273', '29176', '16635', '13821', '12119', '34181', '1764', '32281']"
6905,"['4908', '19941', '34679', '33217', '34643', '29134', '2307', '6651', '15190', '11147', '40959', '21230', '6846', '7484', '30030', '6105', '5007', '20420', '14542', '40036', '5181', '7962', '25141', '26852', '987', '9439', '27644', '12658', '12571', '41017', '21342', '35259', '40230', '36361', '14569', '14637', '26984', '20112', '42104', '30128', '32401', '14476', '17974', '5349', '10337', '22246', '21128', '30410', '19024', '12329', '34923', '33823', '28042', '6090', '10046', '34997', '644', '12671', '23655', '24597', '40642', '25714', '33910', '15121', '11135', '7136', '14073', '28307', '33336', '23336', '11945', '8728', '7609', '37169', '13877', '36187', '34102', '21195', '15976', '32886', '16823', '28249', '9477', '37466', '2915', '6887', '12712', '41018', '43619', '39678', '33367', '29091', '6961', '35745', '13175', '19256', '38458', '33097', '30654', '19997']"
2198,"['18868', '27917', '33407', '2188', '7670', '27940', '1024', '16476', '10023', '4174', '20211', '29175', '36445', '21292', '41558', '1842', '28768', '37464', '26222', '29752', '358', '31732', '15451', '30135', '24208', '18222', '3002', '41559', '10649', '35100', '39676', '22186', '42400', '34269', '18966', '35799', '12425', '2589', '34805', '43083', '7477', '40695', '4830', '9096', '27496', '34853', '22753', '2926', '29261', '11896', '15181', '17652', '28412', '20409', '11354', '17845', '4977', '15622', '37138', '14336', '20956', '13324', '24145', '24001', '41697', '36745', '19801', '28521', '26401', '13124', '8451', '4999', '30760', '9558', '7454', '30371', '18174', '10616', '43448', '35919', '33160', '7062', '3975', '31300', '28588', '5024', '12456', '10083', '26627', '39950', '38212', '10943', '17506', '30009', '43767', '32370', '41520', '25342', '27406', '42300']"
2361,"['39266', '21590', '34950', '504', '21705', '37452', '40902', '590', '20196', '38119', '20315', '29084', '28504', '11239', '7345', '29482', '31358', '5713', '25209', '10014', '17505', '34496', '40542', '27541', '30904', '43246', '39230', '42379', '22477', '40908', '2287', '2177', '13019', '37643', '10475', '19592', '42884', '25628', '43041', '34486', '22704', '41695', '10878', '26458', '21372', '17000', '19049', '18422', '4542', '13393', '13304', '22459', '42188', '24574', '30848', '22530', '6985', '30311', '24539', '24169', '1671', '28449', '30583', '38222', '43756', '41696', '1348', '28034', '31583', '17848', '10860', '13431', '39035', '22403', '36724', '25221', '36773', '2945', '34211', '39032', '18153', '18554', '10298', '24817', '41521', '27431', '26627', '4068', '37630', '28896', '39012', '3056', '15557', '27534', '3578', '14327', '42697', '37646', '12549', '18282']"
6394,"['33954', '15427', '27239', '22257', '28764', '586', '26042', '7406', '32871', '34435', '4197', '17197', '37832', '24766', '17801', '11717', '37541', '4374', '11577', '31826', '10947', '9432', '4484', '39240', '6175', '14676', '17774', '27454', '23315', '26510', '26785', '30313', '6732', '28723', '41250', '23882', '12633', '8853', '37642', '37156', '7657', '38153', '7092', '10395', '20774', '3157', '26570', '12057', '3586', '2801', '40377', '11817', '7140', '5653', '1539', '4453', '17150', '20203', '26154', '9129', '32785', '26050', '41907', '28074', '10362', '3948', '26952', '38262', '18396', '25542', '409', '28184', '19636', '11178', '37226', '30799', '23526', '4604', '24164', '41822', '7655', '42585', '38635', '32691', '4875', '40795', '29497', '14605', '39897', '6110', '22625', '28838', '9661', '22761', '23035', '14983', '30910', '29727', '23916', '40887']"
5511,"['24403', '9101', '28031', '36445', '4861', '17573', '5616', '13678', '27262', '13068', '23077', '13992', '11413', '34199', '11404', '41666', '3281', '38991', '41191', '20210', '13823', '9696', '24414', '4231', '42763', '34274', '43735', '6513', '38797', '7314', '27966', '32302', '41006', '26394', '7031', '36100', '37584', '23178', '35829', '5719', '35096', '38811', '10881', '18463', '18930', '21470', '39144', '2905', '5956', '37421', '21166', '41182', '19284', '668', '42347', '40229', '19616', '30890', '8308', '29042', '16613', '27637', '9333', '14985', '25763', '5957', '29351', '17988', '2722', '13066', '22557', '7424', '37978', '4121', '24084', '4434', '18997', '28971', '11827', '37503', '31711', '11503', '14469', '41370', '6829', '14794', '12251', '38679', '9749', '25118', '24115', '11871', '11164', '21643', '19651', '30091', '31546', '20707', '42880', '28399']"
3878,"['8028', '27612', '5289', '9750', '37595', '18075', '12182', '7113', '41666', '43533', '5093', '30764', '40503', '21786', '2760', '15037', '33739', '13730', '40031', '41071', '12669', '16368', '29997', '41030', '11209', '23745', '14162', '241', '32791', '9428', '36946', '35239', '23011', '36985', '40712', '6011', '8465', '1078', '25537', '30521', '41570', '16151', '13580', '43371', '29891', '41248', '5940', '32967', '21424', '12939', '1893', '13575', '16848', '23878', '30110', '11932', '5561', '33506', '28937', '37355', '10860', '18007', '23479', '2247', '3285', '22989', '19270', '41249', '27532', '14194', '11553', '6697', '32264', '43510', '7520', '25416', '24913', '22243', '16120', '34285', '2811', '14613', '36277', '434', '7783', '4291', '27076', '12441', '26519', '19866', '35929', '25987', '40184', '26407', '14126', '34713', '13067', '24928', '13972', '40805']"
3862,"['11608', '13320', '41145', '19629', '25506', '29358', '7963', '25547', '2868', '4695', '19367', '12710', '41923', '11690', '1854', '37873', '8208', '9399', '30764', '17552', '34642', '17837', '1635', '18605', '31883', '2536', '38421', '14050', '1868', '38579', '41088', '4168', '19249', '35664', '13776', '19551', '26212', '715', '12370', '18815', '25686', '21807', '32801', '5365', '20851', '14266', '10419', '29774', '12977', '21958', '17186', '30867', '17997', '27834', '42735', '34222', '16715', '6251', '23073', '41337', '7156', '22286', '4473', '15788', '1827', '42516', '22086', '34191', '21690', '5371', '26067', '777', '42263', '43022', '7403', '29853', '16886', '18288', '28517', '24426', '28405', '27981', '18391', '18684', '30993', '21140', '20881', '22469', '5550', '336', '19220', '27299', '6310', '30009', '26237', '25724', '10470', '14825', '6371', '37484']"
1355,"['1120', '12862', '30339', '19812', '28436', '14735', '27147', '34376', '32888', '5987', '39694', '22522', '8377', '27259', '5894', '16713', '28303', '35862', '41754', '6963', '28646', '1604', '7142', '37589', '5738', '8262', '10766', '11024', '15876', '32011', '7420', '12809', '25453', '18116', '41482', '34146', '18880', '3881', '35018', '37160', '21132', '16241', '42627', '35167', '33862', '5055', '42976', '25735', '23198', '29628', '38347', '17577', '41481', '202', '50005', '28170', '10158', '28188', '6033', '1467', '36401', '50004', '39259', '19315', '27482', '41480', '13923', '4649', '15496', '448', '20536', '40321', '29486', '9466', '7897', '40337', '3826', '4875', '13524', '14367', '36109', '30435', '37759', '18333', '38414', '13512', '40432', '13051', '28069', '15605', '6687', '42967', '4881', '37125', '23238', '32096', '42697', '30681', '28049', '18001', '25513', '9883']"
836,"['15923', '25707', '17637', '18106', '4573', '24205', '38230', '37983', '42698', '16114', '29745', '14485', '16904', '37865', '12087', '27633', '42637', '5640', '37388', '30733', '22796', '37982', '43143', '4972', '24880', '22112', '11388', '17374', '8068', '31600', '31758', '28943', '16780', '27854', '13058', '24669', '11531', '715', '32115', '29060', '37838', '29670', '10878', '3696', '35833', '36032', '16782', '23527', '39917', '13410', '1493', '326', '40176', '13001', '7013', '29976', '9538', '28449', '6458', '23655', '28737', '9040', '36640', '30014', '38074', '9328', '23680', '1430', '32643', '42845', '42783', '40511', '4258', '5081', '5469', '5042', '36806', '20340', '20593', '13932', '35586', '13772', '26980', '19282', '37348', '40449', '2597', '5086', '35820', '32864', '4194', '24027', '21481', '20269', '36240', '21950', '42212', '10827', '38634', '17823']"
-991,"['20102', '23283', '40191', '9814', '9951', '19111', '6098', '43197', '31928', '40514', '11184', '11917', '163', '23037', '15216', '3864', '31047', '39932', '27404', '11035', '4902', '35961', '21830', '7007', '13886', '164', '13664', '3662', '24080', '19592', '38631', '7461', '4099', '39922', '3073', '39471', '9491', '5922', '13184', '3340', '42125', '15380', '25464', '13805', '27459', '27662', '42666', '19498', '25934', '19508', '275', '36123', '36103', '33751', '18006', '24939', '31238', '13172', '27840', '13918', '31306', '1036', '8610', '29798', '24328', '7730', '14337', '29432', '16776', '22792', '14710', '24060', '41863', '14182', '25325', '7086', '37965', '43777', '39644', '2519', '1231', '28731', '8712', '30004', '2470', '37523', '9461', '526', '30272', '10780', '38839', '767', '4291', '1355', '26722', '19427', '7736', '37955', '36240', '9616']"
6775,"['25245', '18700', '28820', '27350', '26668', '41240', '43695', '33981', '38334', '33581', '14076', '38882', '23775', '1946', '24835', '1814', '33488', '6754', '29816', '3813', '17708', '42945', '11998', '33943', '21483', '32359', '35920', '12192', '33698', '37589', '3879', '10603', '23682', '30450', '19316', '22945', '14359', '7533', '32801', '18228', '32342', '24916', '12609', '2926', '17626', '20963', '7315', '13080', '21149', '13891', '21470', '26823', '31870', '29955', '13754', '17756', '37289', '8173', '9236', '22072', '14793', '25390', '23356', '27883', '22746', '36251', '6462', '31254', '20853', '34579', '8386', '17825', '20131', '40557', '23429', '8293', '34339', '40582', '34102', '33794', '18305', '20696', '2954', '14756', '22737', '23126', '9158', '29792', '41330', '27220', '9948', '4045', '40848', '16052', '14254', '39992', '31788', '2922', '18083', '30642']"
837,"['3234', '5138', '18075', '3150', '42732', '26389', '20066', '41975', '17285', '14153', '7145', '16247', '15596', '35835', '28354', '3956', '40295', '76', '30355', '8228', '32295', '41390', '27111', '21303', '2648', '6488', '5997', '28345', '735', '42283', '31241', '32011', '19195', '21914', '40944', '37480', '25794', '4763', '37005', '5963', '26839', '30847', '34804', '283', '4958', '13350', '36272', '36788', '16056', '523', '42109', '26989', '16083', '24485', '33340', '34344', '18381', '29448', '23803', '9040', '19683', '33394', '4370', '15967', '24914', '26051', '28389', '17833', '4472', '16760', '20469', '20849', '2590', '10817', '26724', '9181', '23983', '12948', '43013', '42679', '34533', '28455', '12114', '12944', '17642', '32275', '25027', '43423', '24660', '28706', '24733', '2914', '2943', '30697', '42678', '27144', '20984', '35840', '16273', '33185']"
5193,"['9910', '14826', '26845', '6485', '18537', '9418', '25176', '6539', '3469', '41759', '20860', '14304', '30437', '32260', '42135', '7391', '20508', '38641', '21460', '33666', '13546', '2371', '17860', '22411', '25415', '30050', '25340', '26192', '19398', '15591', '29387', '19967', '12385', '26009', '14894', '10048', '502', '34203', '3589', '18005', '11459', '11863', '8799', '37770', '32030', '39328', '13405', '40336', '6679', '34866', '18122', '25826', '9715', '17633', '36586', '8186', '26483', '18247', '10134', '43147', '35112', '8426', '17110', '34277', '30058', '42388', '34060', '23967', '33967', '6793', '30131', '35626', '37932', '3929', '11768', '18391', '479', '5663', '37169', '23203', '7263', '678', '7058', '12180', '14900', '39141', '10329', '36165', '1380', '1912', '32215', '4264', '23280', '24986', '43784', '30984', '24752', '4618', '11277', '27200']"
5504,"['39374', '37043', '14963', '36900', '355', '38772', '34225', '42122', '3701', '25818', '43509', '19126', '5314', '4440', '23959', '5230', '12232', '24480', '36813', '43712', '24910', '31883', '9696', '28421', '26930', '13280', '41509', '11028', '38484', '11907', '33143', '42981', '216', '42997', '21105', '26697', '7175', '30216', '26792', '578', '485', '7323', '31305', '42406', '12218', '2137', '21714', '39261', '31276', '33709', '32231', '39492', '12097', '34427', '22770', '29468', '15415', '10768', '7785', '721', '18817', '29188', '29464', '43783', '33229', '24153', '5063', '8492', '28833', '11070', '20582', '34611', '14792', '43624', '2103', '28151', '25299', '29613', '10483', '5272', '25210', '19847', '9007', '6055', '21009', '20264', '43025', '3451', '459', '17442', '30009', '35948', '36325', '35620', '25987', '23941', '10372', '9600', '34744', '33351']"
2387,"['25357', '38820', '36701', '26644', '19629', '34439', '20704', '29525', '10577', '26279', '24301', '34585', '17123', '38355', '16513', '33426', '2804', '34418', '5210', '32470', '11594', '2263', '33538', '32190', '9004', '3117', '36930', '37225', '11546', '26273', '41030', '13664', '36746', '38060', '38522', '3875', '20647', '20543', '29559', '7548', '2137', '19268', '34900', '18224', '11245', '39386', '38978', '11195', '18289', '34827', '42777', '10695', '4561', '8807', '10230', '21214', '38977', '33116', '22091', '2135', '31307', '29520', '37343', '38059', '7065', '8426', '36437', '42776', '13578', '20561', '16150', '21013', '40238', '41612', '269', '8092', '9007', '41126', '33833', '38793', '14890', '43336', '40998', '37762', '38356', '2892', '12197', '14203', '24089', '18627', '41424', '38403', '28024', '32700', '40583', '37996', '21454', '41594', '9180', '881']"
2373,"['1024', '42102', '19828', '37995', '42207', '28375', '31524', '37736', '10845', '30548', '5505', '28504', '9619', '24208', '34731', '37737', '18296', '36844', '6133', '20338', '22186', '17620', '40344', '25561', '11747', '22318', '13445', '14695', '33821', '33358', '10731', '31938', '37792', '22713', '4332', '19592', '18287', '26290', '25110', '17061', '2818', '43057', '4935', '9653', '21997', '38935', '34042', '32636', '11642', '8218', '27766', '37899', '1903', '43577', '24763', '11303', '449', '8470', '41675', '19569', '24597', '22013', '25938', '25596', '6423', '15566', '4371', '34955', '15658', '33678', '9153', '42582', '20367', '38429', '15204', '1754', '11640', '2085', '15414', '35919', '20873', '34', '39589', '26914', '19781', '32351', '7760', '863', '39839', '17879', '9436', '6995', '16711', '23849', '7239', '11040', '28862', '25211', '27406', '20212']"
5156,"['20010', '1970', '24194', '16620', '8116', '1655', '34726', '14040', '16285', '11940', '6915', '39991', '32518', '42565', '14201', '41666', '40974', '11490', '25835', '20744', '24091', '31991', '11977', '15871', '18097', '33175', '2854', '39939', '133', '36731', '12976', '21312', '31607', '27213', '1665', '5919', '24886', '28626', '39467', '42938', '4348', '36655', '38535', '17333', '7207', '8234', '27033', '22319', '16200', '26198', '26508', '32377', '38445', '15696', '3601', '609', '8036', '16242', '24364', '19288', '38633', '351', '39608', '21582', '10660', '37397', '7859', '41045', '11066', '12467', '501', '17848', '9128', '36682', '28331', '43813', '38632', '25535', '36572', '6394', '34099', '31551', '25569', '14776', '21068', '28530', '14644', '4592', '7804', '40171', '25837', '32022', '7690', '11216', '3190', '20875', '9790', '6936', '1498', '13948']"
4873,"['27917', '33283', '18215', '41145', '21181', '25316', '98', '11389', '34839', '41', '14451', '14001', '25588', '36961', '1842', '32918', '18262', '9249', '23220', '40036', '40542', '9878', '11648', '4698', '19686', '35824', '29807', '762', '8223', '7569', '14772', '27268', '35255', '1219', '35238', '39975', '24594', '1648', '26839', '15924', '2137', '11551', '6683', '7397', '24367', '16646', '32476', '33618', '7592', '18270', '35918', '26027', '27909', '5583', '11196', '18544', '7567', '27138', '26050', '37840', '8190', '34153', '12489', '43306', '15136', '33842', '15474', '35493', '11924', '3698', '26401', '18338', '35535', '24324', '9108', '10728', '38690', '2400', '36362', '21140', '43506', '14127', '29788', '36109', '15794', '6278', '11684', '37020', '33736', '43434', '11094', '4269', '15868', '40665', '21317', '34683', '3149', '7327', '16789', '23428']"
5561,"['21969', '33329', '30905', '43251', '16026', '36111', '2366', '5323', '1788', '288', '26577', '15082', '34622', '42572', '38768', '12550', '41061', '14186', '33918', '14738', '42908', '13423', '3130', '24029', '35252', '2062', '43250', '9004', '38304', '18589', '36249', '38739', '36377', '38133', '27803', '14699', '257', '16671', '33928', '24605', '15271', '29277', '25595', '33284', '36317', '39261', '28057', '4186', '21974', '30666', '36970', '42762', '5596', '3403', '20521', '35373', '4582', '11856', '36322', '12539', '17853', '31804', '43111', '8295', '42043', '22585', '32028', '5977', '23005', '32593', '26303', '5672', '10134', '4425', '43167', '366', '7069', '40812', '24817', '43584', '43459', '36723', '26236', '21530', '8565', '30398', '34820', '11390', '2555', '3217', '21337', '39357', '27914', '22757', '31244', '25342', '29731', '2349', '41668', '11723']"
4023,"['13064', '27311', '13951', '40534', '14806', '20163', '29495', '30437', '35771', '7313', '31732', '20070', '22919', '4987', '41021', '40519', '19736', '7942', '2243', '30363', '30569', '28362', '39158', '27392', '3720', '29267', '31324', '2045', '42348', '21109', '24022', '15564', '23440', '6860', '4826', '15270', '2675', '9486', '31369', '580', '28631', '32840', '66', '17889', '9405', '36747', '42390', '6338', '9366', '17243', '35670', '12201', '22930', '16215', '41634', '20673', '3027', '31691', '11732', '36512', '7619', '14822', '10230', '9294', '27397', '27047', '2163', '28864', '2836', '29664', '22897', '2877', '16625', '8778', '35535', '3483', '30356', '30585', '34657', '20053', '19806', '9396', '30032', '1856', '11153', '16287', '36666', '418', '11190', '25565', '43618', '4252', '36981', '141', '8343', '35769', '1733', '33644', '25006', '37650']"
-5180,"['178', '30250', '1012', '41173', '42477', '21509', '12414', '2717', '3297', '27058', '19798', '11202', '1654', '14283', '14098', '21769', '76', '14870', '36901', '2449', '24394', '24269', '35751', '16898', '1208', '13957', '261', '9577', '13740', '20574', '27696', '22314', '12063', '11136', '13259', '17172', '38324', '28237', '5723', '21554', '36614', '29220', '7620', '15103', '20308', '23676', '10383', '1828', '23549', '189', '2378', '19621', '14814', '39281', '34581', '10174', '17873', '41268', '43039', '41382', '17059', '28223', '28673', '37302', '30428', '4472', '18729', '23530', '10179', '6223', '20194', '37190', '15777', '9247', '37240', '37407', '38530', '14193', '37132', '2714', '15215', '28707', '5478', '38643', '21177', '29814', '4229', '12197', '5013', '9749', '32059', '34007', '5160', '11871', '30394', '43442', '21454', '33982', '29160', '40297']"
6917,"['7627', '36890', '19941', '35551', '16323', '15260', '9584', '12585', '3150', '8989', '5694', '16801', '5007', '30135', '38786', '27166', '23559', '40020', '40889', '7368', '34377', '13862', '37717', '16637', '25784', '38134', '36192', '3639', '12741', '19273', '33677', '8034', '4650', '5295', '975', '27874', '25799', '26418', '27356', '19195', '24428', '13425', '25794', '16148', '4734', '39109', '283', '31256', '31981', '25370', '22661', '36788', '718', '31831', '26477', '42761', '31691', '32697', '1975', '42652', '37601', '15009', '16890', '19266', '9108', '37119', '42760', '2590', '11007', '5941', '5042', '21720', '38151', '40730', '19187', '11671', '17834', '25206', '1876', '140', '35733', '29340', '36373', '2606', '19373', '4792', '41808', '5750', '23633', '1314', '31161', '24733', '5926', '8586', '37806', '39623', '34768', '4966', '22556', '17065']"
4829,"['18491', '40129', '24507', '1634', '10648', '549', '17787', '15094', '4046', '29505', '32237', '30836', '7493', '33934', '21319', '883', '39135', '20969', '27453', '31883', '31303', '34761', '9189', '40733', '21670', '10879', '21345', '37291', '19052', '15899', '5935', '31282', '19195', '35003', '42610', '31850', '13921', '19706', '11232', '16666', '7724', '38470', '25242', '26767', '13556', '34222', '36931', '27319', '30063', '3139', '38296', '432', '29595', '41337', '40228', '1775', '19396', '26314', '29327', '20541', '42941', '25', '26899', '38297', '21809', '28405', '9093', '28727', '7577', '2372', '7035', '8339', '37610', '1661', '40795', '1837', '30032', '34163', '19758', '27523', '10095', '42966', '3847', '2353', '36348', '10779', '30009', '9159', '54', '23998', '19', '25987', '8343', '31643', '9339', '34292', '31839', '18056', '18810', '31784']"
3342,"['6427', '10633', '35316', '14826', '29856', '12546', '28115', '5904', '7217', '13481', '876', '12253', '3472', '33579', '12766', '15871', '23001', '41509', '22748', '18989', '14338', '23533', '16554', '41801', '31650', '43538', '42903', '447', '2065', '19341', '40800', '26049', '30430', '31667', '39257', '26458', '5447', '23089', '36120', '2183', '7552', '31367', '6784', '31263', '31799', '2339', '37548', '18358', '2587', '26912', '31404', '28275', '202', '15618', '26987', '901', '18713', '12719', '40792', '28673', '15273', '35503', '23377', '29812', '4043', '32874', '5740', '130', '9752', '33983', '8694', '414', '16570', '20435', '13586', '2684', '30618', '17286', '16478', '15983', '25436', '40034', '7805', '22464', '26132', '38878', '25749', '5394', '14262', '37369', '31481', '2522', '26885', '19295', '10889', '13899', '31383', '38819', '26041', '26692']"
2403,"['11425', '37242', '19243', '2665', '34321', '9418', '38314', '2653', '16817', '10490', '38441', '3717', '29495', '30437', '27433', '31271', '15451', '27189', '2150', '16181', '36171', '15324', '28270', '33129', '4437', '21285', '38525', '19110', '33056', '27279', '16893', '30630', '24673', '7379', '33227', '31324', '8262', '27435', '18881', '11198', '24393', '7119', '36880', '1130', '34628', '19341', '19245', '43390', '9995', '26415', '34310', '36747', '43702', '27434', '11228', '9167', '43165', '13686', '29307', '37876', '34309', '32048', '1000', '53', '26066', '7697', '1364', '36512', '41792', '28432', '31890', '26986', '5424', '9542', '17235', '23603', '40679', '16625', '8810', '4686', '32474', '16783', '13610', '42878', '37779', '5659', '43707', '22214', '27780', '4091', '29993', '27132', '22425', '11200', '2611', '36759', '30269', '40429', '32501', '35339']"
4738,"['23954', '8340', '41169', '28355', '33630', '20548', '39616', '23164', '11042', '12101', '6902', '34033', '6955', '31071', '16705', '1859', '41703', '27185', '23980', '41810', '25710', '33955', '26254', '17851', '28187', '36658', '14601', '29493', '40949', '25234', '40343', '30692', '32181', '2823', '50007', '4563', '16365', '9612', '50006', '17630', '8582', '40342', '41420', '574', '40289', '29693', '18967', '17446', '25148', '7480', '10656', '33340', '13934', '29825', '25607', '18196', '11163', '32642', '25493', '29234', '8650', '40643', '19913', '42310', '8369', '21521', '23265', '21167', '13295', '21976', '50008', '23822', '15906', '37651', '8143', '40404', '43443', '36611', '32097', '30032', '11915', '7982', '39028', '21048', '7613', '875', '15106', '7795', '7453', '11129', '17116', '12197', '3190', '20025', '2328', '2797', '9972', '36240', '34292', '31090', '42896', '33652', '19702']"
24,"['2921', '20544', '38174', '19717', '36015', '36279', '31945', '38725', '5883', '2096', '32099', '13269', '10795', '8659', '31973', '25418', '1395', '41060', '17991', '39338', '7391', '5247', '28227', '483', '19653', '35317', '21354', '21303', '42841', '32217', '3720', '22094', '22498', '16082', '5647', '32748', '26475', '39893', '4095', '4631', '33339', '33769', '34501', '26547', '42256', '20169', '19603', '8405', '32904', '23617', '4626', '811', '6504', '22335', '37232', '17554', '42425', '40818', '13105', '6069', '3904', '26318', '3070', '40951', '15049', '23747', '21701', '27817', '38062', '1036', '25492', '30805', '19817', '40950', '21956', '2375', '43452', '7120', '22858', '40233', '35667', '11974', '36277', '16454', '6517', '39205', '32625', '20458', '32166', '12211', '7278', '23263', '25437', '11754', '35509', '5117', '43008', '26702', '4858', '27144']"
6652,"['14631', '8100', '26280', '32390', '31800', '2370', '6606', '13681', '32430', '11901', '29179', '38912', '3214', '10828', '17656', '7344', '14186', '7610', '11428', '6980', '15611', '26608', '31354', '39271', '1176', '17369', '21471', '22965', '2784', '1239', '3727', '19140', '23769', '34612', '128', '38333', '22417', '42312', '40790', '3008', '3593', '24019', '14786', '40789', '18270', '24958', '849', '9095', '13963', '16262', '3524', '20757', '23045', '40584', '20110', '39389', '13627', '22642', '10733', '36197', '36895', '7767', '9407', '29388', '37791', '487', '21844', '12220', '23068', '24187', '235', '14383', '31560', '7842', '28385', '31059', '10587', '8774', '9535', '29886', '36732', '3099', '10060', '19312', '26538', '9416', '39726', '31674', '35476', '11892', '7556', '5212', '6243', '16551', '7809', '15275', '30438', '33078', '7825', '2324']"
23,"['42817', '36255', '841', '25855', '38549', '24839', '50017', '8024', '10845', '37999', '37649', '34032', '41522', '36223', '25177', '40889', '25566', '36669', '7427', '17421', '9012', '3720', '28533', '25244', '29000', '4369', '12192', '35849', '34405', '6564', '34628', '39348', '10822', '5775', '34645', '13425', '40051', '32207', '24150', '13848', '13370', '14929', '6504', '36321', '37588', '23158', '24222', '29278', '19226', '13282', '40951', '347', '21185', '37417', '10158', '25492', '9778', '6199', '18569', '1522', '9915', '25190', '32946', '1559', '7287', '35299', '35775', '28818', '30194', '20194', '35292', '35103', '24968', '4642', '14306', '2850', '9764', '41720', '43199', '42771', '19373', '39906', '19775', '5087', '39228', '42224', '28803', '25509', '32366', '14487', '50018', '5814', '38395', '37914', '8139', '5588', '4049', '30269', '22501', '42480', '40844', '21946']"
4,"['6020', '37184', '119', '4800', '28416', '18327', '21733', '25233', '15056', '25458', '30158', '22470', '13531', '20894', '39066', '9291', '21211', '37541', '22256', '11865', '35655', '20154', '11205', '38187', '34761', '37321', '4312', '3341', '25330', '20935', '18028', '2835', '18439', '6564', '30112', '4522', '25453', '28324', '42610', '16364', '702', '12824', '26028', '21372', '1404', '32030', '9720', '8519', '14300', '31408', '23435', '22875', '37227', '4111', '14510', '2227', '25447', '7834', '8104', '28520', '31886', '14398', '18211', '5560', '37857', '38649', '28599', '6530', '3319', '20886', '30202', '37158', '13796', '28151', '22049', '39136', '9752', '24929', '21681', '24657', '21091', '18128', '9709', '6917', '967', '27260', '18036', '43422', '22608', '2892', '25899', '2739', '11056', '97', '1553', '18580', '35196', '33652', '24601', '12267']"
15,"['32353', '26255', '11188', '5525', '8100', '25044', '23305', '4046', '17904', '38103', '135', '23020', '29640', '925', '4495', '25049', '25419', '39986', '5251', '28196', '13045', '289', '9663', '42660', '50016', '33345', '35252', '26619', '26249', '11356', '33175', '10880', '18301', '9500', '410', '9605', '27182', '9756', '16558', '43283', '43796', '23617', '313', '2571', '17237', '24280', '16871', '6504', '29200', '523', '1756', '33271', '18530', '6314', '25631', '90', '2179', '17957', '13975', '18513', '41356', '9596', '33415', '34016', '17367', '31717', '28576', '501', '39170', '30644', '36505', '36339', '41195', '42306', '2314', '16015', '11380', '27573', '50015', '20897', '11958', '39570', '26543', '20182', '10518', '10627', '34817', '30032', '27870', '22936', '4402', '21875', '4005', '11607', '16992', '6243', '11056', '566', '5025', '20156', '33740', '10535']"
3,"['6519', '4027', '39421', '34356', '119', '37235', '28894', '13592', '16913', '16284', '35419', '11097', '30158', '22470', '26521', '13531', '20894', '26794', '36452', '18310', '1176', '20154', '27853', '11205', '42519', '34761', '28943', '1690', '11911', '18663', '20935', '18028', '39958', '42610', '16364', '27087', '32339', '28870', '12865', '29666', '9147', '30410', '39538', '21372', '3194', '26862', '13385', '30723', '16095', '9720', '7769', '42425', '31408', '22121', '37227', '4111', '25133', '7834', '14571', '13559', '31351', '14418', '12935', '7419', '38649', '28599', '6530', '36246', '20238', '34294', '20886', '38448', '307', '23766', '22049', '13647', '40107', '9752', '24929', '21681', '36304', '30157', '41917', '26892', '12987', '27260', '29510', '31874', '33035', '6541', '97', '5843', '1965', '10919', '41279', '40887', '39859', '33652', '24601', '10523']"
12,"['23954', '38135', '33153', '10023', '33485', '7719', '37761', '23149', '19865', '2405', '5378', '4883', '22827', '14850', '23220', '41518', '28266', '43378', '34603', '23980', '30284', '728', '38611', '37337', '11205', '14115', '27225', '13691', '1413', '2638', '12167', '8487', '36479', '43345', '33529', '33591', '39562', '38108', '25983', '31755', '42406', '6441', '5328', '9472', '13628', '32933', '24408', '5669', '16852', '29487', '14443', '32121', '11483', '43648', '4023', '26355', '36905', '39170', '24261', '16310', '6438', '35061', '36837', '11586', '27532', '31673', '19134', '38405', '36105', '21290', '10871', '43394', '357', '28459', '7536', '39622', '33110', '2450', '34163', '31048', '12102', '9932', '16881', '35436', '9119', '32131', '18164', '29286', '3779', '14716', '40665', '19470', '1011', '19391', '42290', '39623', '229', '24787', '43395', '1949']"
6432,"['28070', '1862', '37429', '41610', '6149', '8792', '11653', '43565', '7555', '5987', '38986', '11079', '40830', '33574', '19920', '10740', '26018', '2238', '28285', '11812', '36599', '6261', '31952', '37306', '41754', '41611', '18659', '15657', '28607', '23122', '12976', '23051', '5098', '4365', '34297', '1130', '14764', '33047', '1262', '13465', '26287', '9487', '344', '31581', '10458', '25242', '25059', '43260', '10069', '15695', '7790', '5938', '4411', '25219', '21466', '21388', '11544', '18175', '1240', '2179', '22475', '29002', '36683', '20393', '20844', '8186', '9796', '35217', '42428', '40045', '24996', '29832', '34365', '31632', '26636', '2416', '18660', '36294', '31802', '17526', '13524', '42747', '2309', '3774', '36109', '4584', '36867', '18962', '28091', '16603', '21177', '32464', '18934', '27294', '4264', '22868', '24115', '18580', '911', '12436']"
3943,"['1462', '42010', '18556', '41578', '35286', '21573', '2096', '16179', '2106', '3428', '37521', '22324', '30031', '27609', '14610', '16841', '5154', '15304', '23980', '17358', '31883', '18347', '1199', '3720', '16877', '40420', '19336', '4017', '467', '39606', '20850', '2531', '13259', '11008', '16149', '19603', '36550', '4098', '29922', '5670', '9167', '39607', '1795', '18199', '21866', '4542', '28352', '14378', '24263', '24077', '577', '33966', '4042', '32926', '1743', '14402', '14455', '26800', '31296', '18114', '29018', '24144', '1172', '40301', '16058', '3088', '15859', '38624', '33592', '2230', '31043', '13020', '5296', '30424', '2396', '27436', '16042', '34', '29423', '16788', '17530', '8155', '8250', '20696', '11962', '7469', '28044', '15215', '21822', '21988', '34877', '29253', '28815', '17788', '23404', '15074', '35483', '10866', '29930', '34093']"
6094,"['31986', '19557', '41811', '35044', '39899', '26916', '28772', '21787', '9584', '21089', '22426', '14294', '24198', '41077', '8233', '3868', '41076', '18432', '13907', '11202', '39709', '8290', '43483', '29000', '22461', '16186', '37854', '21742', '35351', '19802', '38488', '20542', '33047', '39466', '24184', '50011', '50010', '32006', '23093', '18906', '4061', '40092', '21755', '35995', '19680', '32948', '3194', '7138', '8920', '13650', '50009', '5106', '18175', '14910', '8489', '14843', '15497', '15376', '40697', '20995', '2335', '11972', '11163', '24391', '35217', '9606', '32383', '9978', '31576', '25165', '4844', '36572', '1492', '5310', '10051', '18949', '37174', '8339', '31005', '34084', '11470', '30141', '41106', '41075', '17479', '967', '39205', '12084', '15487', '789', '6429', '21926', '33777', '23848', '13115', '30770', '17842', '12154', '10958', '8504', '41078', '34314', '1271']"
2,"['34252', '42138', '20179', '36384', '29456', '16179', '32037', '21420', '27777', '4302', '14216', '30877', '10080', '1269', '11214', '29103', '1087', '10472', '6867', '24013', '23447', '3848', '17270', '20108', '9408', '42523', '13890', '29485', '8018', '42020', '19005', '26212', '25255', '41138', '10874', '26507', '14933', '16922', '25995', '32704', '33953', '3726', '33565', '17240', '8672', '6729', '40499', '6986', '27336', '11155', '12942', '15157', '34061', '23874', '26660', '11657', '50013', '20669', '30917', '1431', '7337', '42150', '31002', '26786', '50012', '17825', '41674', '12095', '28215', '31872', '36071', '18748', '36476', '37359', '43018', '3712', '7602', '37256', '41491', '37000', '43711', '27515', '21496', '1572', '38402', '11503', '8909', '41632', '39680', '23327', '30419', '18670', '40366', '26919', '4839', '28024', '38862', '39459', '30290', '27810', '33351', '16859', '50014']"
13,"['22187', '27669', '22596', '8679', '8291', '35269', '37192', '26296', '37595', '3150', '9571', '7492', '41124', '8233', '20066', '6447', '42748', '40630', '14153', '12615', '8530', '34770', '16949', '30355', '38460', '15534', '40201', '40162', '19361', '19025', '29260', '9900', '32011', '34612', '17827', '27087', '23247', '16918', '21407', '42083', '10161', '3225', '42739', '32211', '8799', '27033', '36788', '6904', '16056', '10116', '626', '10442', '10206', '34260', '15819', '35282', '1958', '652', '39433', '8256', '13365', '37817', '15248', '33394', '24144', '34144', '24555', '16218', '30185', '7862', '34257', '31805', '40507', '6091', '17844', '34332', '2590', '22120', '833', '42993', '17834', '11260', '43212', '35752', '7097', '8677', '6868', '33761', '3797', '32219', '28593', '33520', '12945', '23920', '5588', '42603', '17161', '9354', '36942', '39422']"
5,"['31206', '38836', '6718', '1634', '13875', '23597', '21103', '31973', '28416', '31322', '35377', '43323', '4883', '40221', '6390', '8199', '31525', '5230', '13589', '41980', '43694', '41996', '39318', '35086', '34547', '25478', '13453', '14046', '15381', '12556', '21373', '6155', '15378', '34002', '19697', '41180', '28298', '24645', '352', '24310', '41181', '32591', '32883', '35720', '26321', '34432', '6396', '23733', '35576', '32026', '24408', '7552', '39001', '19359', '13187', '7592', '24919', '21218', '33419', '32199', '11483', '4218', '13164', '7434', '37051', '35650', '39366', '14264', '4464', '21628', '29561', '42371', '11990', '15005', '12797', '38405', '16675', '3867', '12698', '7023', '10689', '22828', '22234', '5045', '29045', '24732', '35135', '21570', '34725', '27109', '12197', '17638', '8288', '38842', '36082', '10260', '40215', '32716', '41869', '15058']"
14,"['42817', '13818', '2921', '40742', '39905', '2096', '33630', '37848', '31973', '6539', '37219', '10487', '41060', '19258', '42461', '21525', '4397', '40431', '39965', '9012', '18193', '20457', '41152', '42816', '3720', '18185', '39000', '21719', '4781', '26592', '26212', '26880', '607', '32292', '26906', '40050', '17021', '31410', '36550', '9350', '23744', '33457', '5867', '6504', '12042', '39017', '29406', '6894', '42921', '35959', '5405', '16794', '3380', '8718', '1939', '28185', '18163', '35867', '31916', '21629', '27745', '40951', '39937', '43310', '22245', '25884', '19817', '852', '8105', '8739', '40950', '13831', '13759', '40442', '13407', '5982', '1611', '33025', '6101', '22795', '7432', '18903', '27145', '41151', '42950', '25066', '41262', '33632', '10152', '18077', '31526', '19108', '5087', '16044', '41170', '28531', '37294', '13732', '41078', '21116']"
22,"['28436', '16134', '36146', '32386', '41190', '42030', '16952', '40689', '15000', '42476', '42477', '37577', '25634', '34863', '11214', '35120', '27058', '3014', '9376', '43533', '34377', '23168', '30210', '944', '666', '39780', '23899', '23067', '10584', '28778', '2931', '28934', '27478', '31105', '30743', '21554', '16148', '36004', '41617', '41898', '10593', '34865', '23359', '2101', '25937', '23322', '5095', '31036', '21036', '29778', '20365', '16106', '1850', '2591', '7843', '35575', '38717', '6439', '21941', '26007', '941', '1431', '37339', '33286', '43468', '15208', '12349', '254', '8386', '25041', '38331', '37524', '42424', '25325', '18119', '9247', '41995', '10021', '19105', '26980', '41171', '23921', '38551', '13197', '10241', '23448', '635', '13284', '12211', '10807', '3372', '10299', '42290', '34103', '13362', '21454', '33717', '34894', '41994', '27980']"
25,"['41610', '21857', '7447', '21836', '26920', '28046', '10351', '6000', '5339', '28791', '19920', '163', '7256', '33172', '12300', '20178', '529', '41611', '29158', '1422', '26983', '28538', '12887', '31867', '220', '10547', '38502', '25326', '43261', '35306', '20692', '1472', '30391', '14764', '20743', '41482', '22728', '34652', '13034', '24828', '12824', '37547', '24691', '5430', '43260', '30430', '35798', '41973', '3481', '32030', '43470', '28445', '26908', '33823', '7584', '42366', '37362', '38185', '6747', '34325', '41481', '4074', '34344', '35040', '2319', '4737', '34954', '16825', '37292', '1349', '19114', '3948', '13935', '41480', '18816', '3114', '25562', '34534', '23160', '39428', '8285', '36294', '17068', '26298', '34749', '38101', '29550', '6716', '18922', '14239', '28985', '14829', '4213', '38395', '24420', '13231', '18580', '911', '32254', '36780']"
